ligand_name,receptor_name
A2M,LRP1
ACE,BDKRB2
ADAM12,ITGA9
ADAM12,ITGB1
ADAM12,SDC4
ADAM9,ITGA3
ADAM9,ITGA6
ADAM9,ITGAV
ADAM9,ITGB1
ADAM9,ITGB5
ADIPOQ,CNR2
ADM2,ADCYAP1R1
ADM2,ADRB2
ADM2,ADRB3
ADM2,VIPR1
AGRN,ATP1A3
AGRN,ITGB1
AGRN,LRP1
AGRN,LRP2
AGRN,LRP4
AGRN,NCAM1
AGRN,PTPRS
AGT,ENPEP
AGT,GRM7
AGT,LRP2
AGT,MAS1
ANGPT2,ITGA5
ANGPT2,ITGB1
ANGPT2,TEK
ANGPT2,TIE1
ANGPT4,TEK
ANGPT4,TIE1
ANGPTL2,ITGA5
ANGPTL2,ITGB1
ANGPTL2,TIE1
ANGPTL2,TLR4
ANOS1,FGFR1
ANOS1,SDC2
APOB,ADRB2
APOB,APOBR
APOB,ITGB2
APOB,LDLR
APOB,LRP1
APOB,LRP2
APOB,LRP6
APOB,LRP8
APOB,MTTP
APOB,OLR1
APOB,TLR4
APOB,TLR6
APOB,VLDLR
NBN,GFRA1
NBN,RET
B2M,CD1A
B2M,CD1B
B2M,HFE
B2M,IL6ST
B2M,KLRD1
BDNF,NGFR
BDNF,NTRK2
BDNF,SORT1
BGN,TLR1
BGN,TLR2
BGN,TLR4
BMP2,ACVR2A
BMP2,ACVR2B
BMP2,BMPR1A
BMP2,BMPR1B
BMP2,BMPR2
BMP2,ENG
BMP2,GPC1
BMP2,SMO
BMP3,ACVR2B
BMP3,BMPR1A
BMP3,BMPR1B
BMP3,BMPR2
BMP4,ACVR2A
BMP4,ACVR2B
BMP4,BMPR1A
BMP4,BMPR1B
BMP4,BMPR2
BMP4,LRP6
BMP5,ACVR2A
BMP5,ACVR2B
BMP5,BMPR1A
BMP5,BMPR1B
BMP5,BMPR2
BMP6,ACVR2A
BMP6,ACVR2B
BMP6,BMPR1A
BMP6,BMPR1B
BMP6,BMPR2
BMP7,ACVR2A
BMP7,ACVR2B
BMP7,BMPR1A
BMP7,BMPR1B
BMP7,BMPR2
BMP7,ENG
BMP8B,ACVR2A
BMP8B,ACVR2B
BMP8B,BMPR1A
BMP8B,BMPR1B
BMP8B,BMPR2
C1QL3,ADGRB3
C1QL4,ADGRB3
C3,C3AR1
C3,C5AR2
C3,CD46
C3,CD81
C3,CR2
C3,GRM7
C3,ITGAX
C3,ITGB2
C3,LRP1
C5,C5AR1
C5,C5AR2
C5,GRM7
SCYL2,ACKR2
SCYL2,CCR3
SCYL3,CCR3
CCL22,ACKR2
CCL22,CCR4
CCL28,ACKR2
CCL28,CCR10
CCL28,CCR3
CCL28,GRM7
CTGF,EGFR
CTGF,ERBB4
CTGF,ITGA5
CTGF,ITGB2
CTGF,LRP1
CTGF,LRP6
CTGF,NTRK1
NOV,NOTCH1
NOV,PLXNA1
WISP3,SORL1
CD14,ITGB1
CD14,ITGB2
CD14,TLR1
CD14,TLR4
CD14,TLR6
CD14,TLR9
CD160,TNFRSF14
CD40LG,ITGA2B
CD40LG,ITGA5
CD40LG,ITGB1
CD40LG,ITGB2
CD40LG,ITGB3
CHAD,ITGA2
CHAD,ITGB1
CNTN4,PTPRG
COL11A1,ITGA1
COL11A1,ITGA10
COL11A1,ITGA11
COL11A1,ITGA2
COL11A1,ITGB1
COL12A1,ITGA1
COL12A1,ITGA10
COL12A1,ITGA11
COL12A1,ITGA2
COL12A1,ITGB1
COL15A1,ITGA1
COL15A1,ITGA10
COL15A1,ITGA11
COL15A1,ITGA2
COL15A1,ITGB1
COL16A1,ITGA1
COL16A1,ITGA10
COL16A1,ITGA11
COL16A1,ITGA2
COL16A1,ITGB1
COL17A1,ITGA1
COL17A1,ITGA10
COL17A1,ITGA11
COL17A1,ITGA2
COL17A1,ITGB1
COL18A1,GPC1
COL18A1,GPC4
COL18A1,ITGA1
COL18A1,ITGA10
COL18A1,ITGA11
COL18A1,ITGA2
COL18A1,ITGA3
COL18A1,ITGA5
COL18A1,ITGB1
COL18A1,ITGB3
COL18A1,ITGB5
COL19A1,ITGA1
COL19A1,ITGA10
COL19A1,ITGA11
COL19A1,ITGA2
COL19A1,ITGB1
COL1A2,CD36
COL1A2,CD44
COL1A2,CD93
COL1A2,FLT4
COL1A2,ITGA1
COL1A2,ITGA10
COL1A2,ITGA11
COL1A2,ITGA2
COL1A2,ITGA2B
COL1A2,ITGAV
COL1A2,ITGB1
COL1A2,ITGB3
COL20A1,ITGA1
COL20A1,ITGA10
COL20A1,ITGA11
COL20A1,ITGA2
COL20A1,ITGB1
COL21A1,ITGA1
COL21A1,ITGA10
COL21A1,ITGA11
COL21A1,ITGA2
COL21A1,ITGB1
COL22A1,ITGA1
COL22A1,ITGA10
COL22A1,ITGA11
COL22A1,ITGA2
COL22A1,ITGB1
COL24A1,ITGA1
COL24A1,ITGA10
COL24A1,ITGA11
COL24A1,ITGA2
COL24A1,ITGB1
COL26A1,ITGA1
COL26A1,ITGA10
COL26A1,ITGA11
COL26A1,ITGA2
COL26A1,ITGB1
COL27A1,ITGA1
COL27A1,ITGA10
COL27A1,ITGA11
COL27A1,ITGA2
COL27A1,ITGB1
COL28A1,ITGA1
COL28A1,ITGA10
COL28A1,ITGA11
COL28A1,ITGA2
COL28A1,ITGB1
COL2A1,ITGA1
COL2A1,ITGA10
COL2A1,ITGA11
COL2A1,ITGA2
COL2A1,ITGA2B
COL2A1,ITGB1
COL2A1,TNFRSF10A
COL3A1,DDR2
COL3A1,ITGA1
COL3A1,ITGA10
COL3A1,ITGA11
COL3A1,ITGA2
COL3A1,ITGB1
COL4A1,ADGRG6
COL4A1,CD47
COL4A1,CD93
COL4A1,ITGA1
COL4A1,ITGA10
COL4A1,ITGA11
COL4A1,ITGA2
COL4A1,ITGAV
COL4A1,ITGB1
COL4A1,ITGB8
COL4A2,ADGRG6
COL4A2,CD93
COL4A2,ITGA1
COL4A2,ITGA10
COL4A2,ITGA11
COL4A2,ITGA2
COL4A2,ITGB1
COL4A2,ITGB3
COL4A2,ITGB5
COL4A4,ADGRG6
COL4A4,CD47
COL4A4,CD93
COL4A4,ITGA1
COL4A4,ITGA10
COL4A4,ITGA11
COL4A4,ITGA2
COL4A4,ITGAV
COL4A4,ITGB1
COL4A4,ITGB3
COL4A5,ADGRG6
COL4A5,CD47
COL4A5,CD93
COL4A5,ITGA1
COL4A5,ITGA10
COL4A5,ITGA11
COL4A5,ITGA2
COL4A5,ITGAV
COL4A5,ITGB1
COL4A6,ADGRG6
COL4A6,CD47
COL4A6,CD93
COL4A6,ITGA1
COL4A6,ITGA10
COL4A6,ITGA11
COL4A6,ITGA2
COL4A6,ITGAV
COL4A6,ITGB1
COL5A1,ITGA1
COL5A1,ITGA10
COL5A1,ITGA11
COL5A1,ITGA2
COL5A1,ITGB1
COL5A1,SDC3
COL5A2,ITGA1
COL5A2,ITGA10
COL5A2,ITGA11
COL5A2,ITGA2
COL5A2,ITGB1
COL5A3,ITGA1
COL5A3,ITGA10
COL5A3,ITGA11
COL5A3,ITGA2
COL5A3,ITGB1
COL6A2,ITGA1
COL6A2,ITGA10
COL6A2,ITGA11
COL6A2,ITGA2
COL6A2,ITGB1
COL6A3,ITGA1
COL6A3,ITGA10
COL6A3,ITGA11
COL6A3,ITGA2
COL6A3,ITGB1
COL7A1,ITGA1
COL7A1,ITGA10
COL7A1,ITGA11
COL7A1,ITGA2
COL7A1,ITGB1
COL8A1,ITGA1
COL8A1,ITGA10
COL8A1,ITGA11
COL8A1,ITGA2
COL8A1,ITGB1
COL9A1,ITGA1
COL9A1,ITGA10
COL9A1,ITGA11
COL9A1,ITGA2
COL9A1,ITGB1
COL9A2,ITGA1
COL9A2,ITGA10
COL9A2,ITGA11
COL9A2,ITGA2
COL9A2,ITGB1
CP,SLC40A1
CPAMD8,SCTR
CSF1,CSF1R
CSF1,SIRPA
CTHRC1,FZD3
CTHRC1,FZD5
C7,CCR3
C7,GRM7
C7,SDC4
CXCL5,CXCR2
CXCL5,GRM7
DAG1,CELSR3
DRAXIN,DCC
EDA,EDA2R
EDN1,ADGRL4
EDN1,EDNRA
EFEMP1,EGFR
EREG,EGFR
EREG,ERBB2
EREG,ERBB4
F13A1,ITGA9
F13A1,ITGB1
F8,LDLR
F8,LRP1
FAM3C,GLRA2
FAM3C,LAMP1
FBLN2,ITGB3
FBN1,ITGA5
FBN1,ITGAV
FBN1,ITGB1
FBN1,ITGB3
FGF17,FGFR1
FGF17,FGFR3
FGF18,FGFR1
FGF18,FGFR3
FGF2,CD44
FGF2,FGFR1
FGF2,FGFR3
FGF2,FGFRL1
FGF2,GPC4
FGF2,ITGAV
FGF2,ITGB3
FGF2,NRP1
FGF2,SDC1
FGF2,SDC2
FGF2,SDC3
FGF2,SDC4
FGF5,FGFR1
FGF5,FGFR3
FGF7,FGFR1
FGF7,FGFR3
FGF7,NRP1
FLRT1,ADGRL1
FLRT1,ADGRL3
FLRT2,ADGRL1
FLRT2,ADGRL3
FLRT3,ADGRL1
FLRT3,ADGRL2
FLRT3,ADGRL3
FN1,C5AR1
FN1,CD44
FN1,COL13A1
FN1,FLT4
FN1,ITGA10
FN1,ITGA11
FN1,ITGA2
FN1,ITGA2B
FN1,ITGA3
FN1,ITGA5
FN1,ITGA6
FN1,ITGA8
FN1,ITGA9
FN1,ITGAV
FN1,ITGB1
FN1,ITGB3
FN1,ITGB5
FN1,ITGB7
FN1,ITGB8
FN1,NT5E
FN1,ROBO4
FN1,SDC2
FN1,TMPRSS6
GAS6,TYRO3
DBP,LRP2
GDF11,ACVR1B
GDF11,ACVR2A
GDF11,ACVR2B
GDF11,BMPR1A
GDF11,BMPR1B
GDF11,BMPR2
GDF5,ACVR2A
GDF5,ACVR2B
GDF5,BMPR1A
GDF5,BMPR1B
GDF5,BMPR2
GDF5,ROR2
GDF6,ACVR2A
GDF6,ACVR2B
GDF6,BMPR1A
GDF6,BMPR1B
GDF6,BMPR2
GDF7,ACVR2A
GDF7,ACVR2B
GDF7,BMPR1A
GDF7,BMPR1B
GDF7,BMPR2
GDF9,ACVR1B
GDF9,ACVR2A
GDF9,BMPR1A
GDF9,BMPR1B
GDF9,BMPR2
GNAS,ADCY1
GNAS,ADCY7
GNAS,ADCY8
GNAS,ADCY9
GNAS,ADRB3
GNAS,CRHR1
GNAS,GLP1R
GNAS,VIPR1
HBEGF,CD44
HBEGF,EGFR
HBEGF,ERBB2
HBEGF,ERBB4
HMGB1,CD163
HMGB1,SDC1
HMGB1,THBD
HMGB1,TLR2
HMGB1,TLR4
HMGB1,TLR9
HP,ASGR1
HP,CD163
HP,CD22
HP,ITGB2
HP,TLR4
HRG,ERBB2
IAPP,ADCYAP1R1
IAPP,ADRB2
IAPP,ADRB3
IAPP,VIPR1
ICAM4,ITGA2B
ICAM4,ITGAL
ICAM4,ITGAV
ICAM4,ITGB1
ICAM4,ITGB2
ICAM4,ITGB3
ICAM4,RHAG
IGFBP4,FZD8
IGFBP4,LRP6
IHH,BOC
IHH,CDON
IHH,GAS1
IHH,HHIP
IHH,PTCH1
IHH,PTCH2
IL12A,CD28
IL12A,IL12RB1
IL12A,IL6ST
IL12B,IL12RB1
IL12B,IL23R
IL15,IL2RA
IL15,IL2RB
IL16,GRIN2A
IL16,GRIN2B
IL16,GRIN2C
IL16,GRIN2D
IL16,KCNA3
IL16,KCND1
IL16,KCNJ10
IL16,KCNJ15
IL16,KCNJ4
IL1RAP,PTPRF
TIFA,IL10RA
TIFA,IL21R
TIFA,IL22RA1
IL36RN,IL1RAP
HGF,F3
HGF,IL6R
HGF,IL6ST
INHBA,ACVR1B
INHBA,ACVR1C
INHBA,ACVR2A
INHBA,ACVR2B
INHBA,ENG
INHBA,SMAD3
INHBA,TGFBR3
INHBC,ACVR1B
INHBC,ACVR1C
INHBC,ACVR2A
INHBC,ACVR2B
INHBE,ACVR1B
INHBE,ACVR1C
INHBE,ACVR2A
INHBE,ACVR2B
RLF,ADCYAP1R1
RLF,ADRB2
RLF,ADRB3
RLF,VIPR1
JAM3,ITGB1
JAM3,ITGB2
JAM3,JAM3
KNG1,BDKRB2
KNG1,CD93
KNG1,GP1BA
KNG1,GRM7
KNG1,ITGB2
KNG1,SDC2
LAMA1,GPC1
LAMA1,ITGA1
LAMA1,ITGA2
LAMA1,ITGA3
LAMA1,ITGA6
LAMA1,ITGB1
LAMA1,ITGB8
LAMA1,NT5E
LAMA1,RPSA
LAMA1,SDC2
LAMA1,SDC4
LAMA1,TMPRSS6
LAMA3,ITGA3
LAMA3,ITGB1
LAMA3,SDC2
LAMA4,ITGA3
LAMA4,ITGA6
LAMA4,ITGAV
LAMA4,ITGB1
LAMA5,ITGA2
LAMA5,ITGA3
LAMA5,ITGA6
LAMA5,ITGB1
LAMA5,SDC1
LAMB1,ITGA1
LAMB1,ITGA2
LAMB1,ITGA3
LAMB1,ITGA6
LAMB1,ITGAV
LAMB1,ITGB1
LAMB3,COL17A1
LAMB3,ITGA2
LAMB3,ITGA3
LAMB3,ITGA6
LAMB3,ITGB1
LAMC1,ITGA1
LAMC1,ITGA2
LAMC1,ITGA3
LAMC1,ITGA6
LAMC1,ITGAV
LAMC1,ITGB1
LAMC1,ITGB3
LAMC2,COL17A1
LAMC2,ITGA2
LAMC2,ITGA3
LAMC2,ITGA6
LAMC2,ITGB1
LAMC3,ITGA2
LAMC3,ITGA3
LAMC3,ITGA6
LAMC3,ITGB1
LEP,LEPR
LEP,LRP2
LGALS9,BCR
LGALS9,CD22
LGALS9,CD44
LGALS9,CD47
LGALS9,HAVCR2
LGALS9,PTPRC
LIF,IL6ST
LIF,LIFR
LIPH,LPAR1
LIPH,LPAR4
LPL,CD44
LPL,GPIHBP1
LPL,LRP1
LPL,LRP2
LPL,SDC1
LPL,VLDLR
LTA,TNFRSF14
LTA,TNFRSF1B
LTBP3,ITGB5
LTF,LRP1
MATN1,ITGA1
MBP,CD93
MFAP2,NOTCH1
MFAP5,NOTCH1
MFGE8,ITGAV
MFGE8,ITGB3
MFGE8,PDGFRB
MMP1,CD44
MMP1,ITGA2
MMP2,FGFR1
MMP2,ITGAV
MMP2,ITGB3
MMP2,PECAM1
MMP2,SDC2
MMP9,CD44
MMP9,EPHB2
MMP9,IFNAR1
MMP9,ITGB2
MMP9,LRP1
MMP9,RECK
MMP9,TLR9
NAMPT,INSR
NAMPT,ITGA5
NAMPT,ITGB1
NCAM1,CACNA1C
NCAM1,FGFR1
NCAM1,GFRA1
NCAN,CDH2
NCAN,SDC3
PVRL1,PVRL4
NRP2,ROBO3
NID1,COL13A1
NID1,ITGA3
NID1,ITGAV
NID1,ITGB1
NID1,ITGB3
NID1,PTPRF
NID2,COL13A1
NLGN1,NRXN1
NLGN1,NRXN2
NLGN1,NRXN3
CNP,NPR2
NPTX2,NPTXR
HRG,ADGRL1
HRG,EGFR
HRG,ERBB4
HRG,GPC1
HRG,ITGA6
HRG,ITGAV
HRG,ITGB3
NRG3,ERBB2
NRG3,ERBB4
NRG4,EGFR
NRG4,ERBB2
NRG4,ERBB4
NTN1,DCC
NTN1,NEO1
NTN1,UNC5C
NTN1,UNC5D
NTN3,CDON
NTN3,NEO1
NUCB2,ERAP1
NXPH3,NRXN1
NXPH3,NRXN2
NXPH3,NRXN3
OLR1,SLITRK4
PDCD1LG2,PDCD1
PDCD1LG2,PDCD2
PDGFB,ITGAV
PDGFB,LRP1
PDGFB,PDGFRA
PDGFB,PDGFRB
PDGFB,S1PR1
PDGFD,PDGFRA
PDGFD,PDGFRB
PGF,FLT1
PGF,NRP1
PGF,NRP2
PLAT,ITGB2
PLAT,LRP1
PLAU,IGF2R
PLAU,ITGA3
PLAU,ITGA5
PLAU,ITGAV
PLAU,ITGB1
PLAU,ITGB2
PLAU,ITGB5
PLAU,LRP1
PLAU,LRP2
PLAU,VLDLR
PLTP,ABCA1
PMCH,GRM7
PROS1,TYRO3
PSAP,AR
PSAP,CD1B
PSAP,GPR37
PSAP,GPR37L1
PSAP,LRP1
PSAP,SORT1
PSPN,GFRA1
PSPN,RET
PSPN,SDC3
QRFP,QRFPR
RLN2,ADCYAP1R1
RLN2,ADRB2
RLN2,ADRB3
RLN2,VIPR1
RSPO1,FZD8
RSPO1,KREMEN1
RSPO1,LGR5
RSPO1,LGR6
RSPO1,LRP6
RSPO1,ZNRF3
RSPO3,FZD8
RSPO3,LGR5
RSPO3,LGR6
RSPO3,LRP6
RSPO3,SDC4
RSPO4,LGR5
RSPO4,LGR6
SDC1,ADGRA2
SEMA3A,NRP1
SEMA3A,NRP2
SEMA3A,PLXNA1
SEMA3A,PLXNA2
SEMA3A,PLXNA3
SEMA3A,PLXNA4
SEMA3C,NRP1
SEMA3C,NRP2
SEMA3C,PLXNA1
SEMA3C,PLXNA2
SEMA3C,PLXNA3
SEMA3C,PLXNA4
SEMA3C,PLXND1
SEMA3E,NRP1
SEMA3E,PLXND1
SEMA3F,NRP1
SEMA3F,NRP2
SEMA3F,PLXNA1
SEMA3F,PLXNA2
SEMA3F,PLXNA3
SEMA3F,PLXNA4
SEMA3G,NRP2
SEMA3G,PLXNA1
SEMA3G,PLXNA2
SEMA3G,PLXNA3
SEMA3G,PLXNA4
SERPINE1,ITGAV
SERPINE1,ITGB5
SERPINE1,LRP1
SERPINE1,LRP2
SERPINE2,LRP1
SFRP1,FZD2
SHH,BOC
SHH,CDON
SHH,GAS1
SHH,GPC1
SHH,GPC5
SHH,HHIP
SHH,LRP2
SHH,PTCH1
SHH,PTCH2
SHH,SCUBE2
SHH,SMO
SLIT1,FLRT3
SLIT1,GPC1
SLIT2,DCC
SLIT2,GPC1
SLIT2,ROBO4
SLIT2,SDC1
ARSB,CHRNA1
ARSB,CHRNA10
ARSB,CHRNA2
ARSB,CHRNA4
ARSB,CHRNA5
ARSB,CHRNA9
ARSB,CHRNB2
ARSB,CHRNB4
ARSB,CHRNE
SPON2,ITGB2
ST6GAL1,CD22
ST6GAL1,EGFR
TAC3,TACR2
FAM19A4,FPR1
TF,ADRB2
TF,HFE
TF,LDLR
TF,LRP2
TFPI,F3
TFPI,LRP1
TFPI,SDC4
TFPI,VLDLR
TGFA,EGFR
TGFA,ERBB2
TGFA,ERBB4
TGFB1,ACVR1B
TGFB1,ACVR1C
TGFB1,ACVRL1
TGFB1,CAV1
TGFB1,EGFR
TGFB1,ENG
TGFB1,ITGAV
TGFB1,ITGB1
TGFB1,ITGB3
TGFB1,ITGB5
TGFB1,ITGB8
TGFB1,SDC2
TGFB1,SMAD3
TGFB1,TGFBR3
TGFB2,ACVR1B
TGFB2,ACVR1C
TGFB2,ENG
TGFB2,TGFBR3
TGFB3,ACVR1B
TGFB3,ACVR1C
TGFB3,ACVRL1
TGFB3,ENG
TGFB3,ITGAV
TGFB3,ITGB1
TGFB3,ITGB3
TGFB3,ITGB5
TGFB3,ITGB8
TGFB3,TGFBR3
TGM2,ITGA9
TGM2,ITGB1
TGM2,ITGB3
TGM2,SDC4
THBS1,CD36
THBS1,CD47
THBS1,ITGA2B
THBS1,ITGA3
THBS1,ITGA6
THBS1,ITGAV
THBS1,ITGB1
THBS1,ITGB3
THBS1,LRP1
THBS1,LRP5
THBS1,SCARB1
THBS1,SDC1
THBS1,SDC4
THPO,MPL
TIMP2,CD44
TIMP2,ITGA3
TIMP2,ITGB1
TIMP3,CD44
TIMP3,MET
TNF,CELSR2
TNF,FFAR2
TNF,FLT4
TNF,NOTCH1
TNF,PTPRS
TNF,TNFRSF1B
TNF,TNFRSF21
TNF,TRAF2
TNF,TRPM2
TNFSF14,TNFRSF14
TNFSF15,TNFRSF25
TSLP,IL7R
UCN2,CRHR1
VCAM1,EZR
VCAM1,ITGA9
VCAM1,ITGAD
VCAM1,ITGB1
VCAM1,ITGB2
VCAM1,ITGB7
VCAM1,MSN
VCAN,CD44
VCAN,EGFR
VCAN,ITGB1
VCAN,TLR1
VCAN,TLR2
VEGFA,EGFR
VEGFA,EPHB2
VEGFA,FLT1
VEGFA,GPC1
VEGFA,GRIN2B
VEGFA,ITGA9
VEGFA,ITGAV
VEGFA,ITGB1
VEGFA,ITGB3
VEGFA,NRP1
VEGFA,NRP2
VEGFA,RET
VEGFA,SIRPA
VEGFA,TYRO3
VEGFC,CCBE1
VEGFC,FLT1
VEGFC,FLT4
VEGFC,ITGA9
VEGFC,ITGB1
VEGFC,NRP2
VWF,GP1BA
VWF,ITGA2B
VWF,ITGAV
VWF,ITGB3
VWF,LRP1
VWF,SIRPA
WNT10A,FZD1
WNT10A,FZD2
WNT10A,FZD3
WNT10A,FZD4
WNT10A,FZD5
WNT10A,FZD7
WNT10A,FZD8
WNT10A,FZD9
WNT10A,LRP5
WNT10A,LRP6
WNT2B,FZD1
WNT2B,FZD2
WNT2B,FZD3
WNT2B,FZD4
WNT2B,FZD5
WNT2B,FZD7
WNT2B,FZD8
WNT2B,FZD9
WNT2B,LRP5
WNT2B,LRP6
WNT2B,SFRP1
WNT2B,SFRP4
WNT3,FZD1
WNT3,FZD2
WNT3,FZD3
WNT3,FZD4
WNT3,FZD5
WNT3,FZD7
WNT3,FZD8
WNT3,FZD9
WNT3,LRP5
WNT3,LRP6
WNT3,ROR2
WNT3,RYK
WNT3,SFRP1
WNT3,SFRP4
WNT3A,APCDD1
WNT3A,FZD1
WNT3A,FZD2
WNT3A,FZD3
WNT3A,FZD4
WNT3A,FZD5
WNT3A,FZD7
WNT3A,FZD8
WNT3A,FZD9
WNT3A,LGR5
WNT3A,LRP1
WNT3A,LRP5
WNT3A,LRP6
WNT3A,ROR1
WNT3A,RYK
WNT3A,SFRP1
WNT3A,SFRP4
WNT4,FZD1
WNT4,FZD2
WNT4,FZD3
WNT4,FZD4
WNT4,FZD5
WNT4,FZD7
WNT4,FZD8
WNT4,FZD9
WNT4,LRP5
WNT4,LRP6
WNT4,NOTCH1
WNT4,SFRP1
WNT4,SFRP4
WNT4,SMO
WNT5A,ADRB2
WNT5A,ANTXR1
WNT5A,FZD1
WNT5A,FZD2
WNT5A,FZD3
WNT5A,FZD4
WNT5A,FZD5
WNT5A,FZD7
WNT5A,FZD8
WNT5A,FZD9
WNT5A,LDLR
WNT5A,LRP2
WNT5A,LRP5
WNT5A,LRP6
WNT5A,MCAM
WNT5A,ROR1
WNT5A,ROR2
WNT5A,RYK
WNT5A,SFRP1
WNT5A,SFRP4
WNT5A,VANGL2
WNT5B,FZD1
WNT5B,FZD2
WNT5B,FZD3
WNT5B,FZD4
WNT5B,FZD5
WNT5B,FZD7
WNT5B,FZD8
WNT5B,FZD9
WNT5B,LRP5
WNT5B,LRP6
WNT5B,SFRP1
WNT5B,SFRP4
WNT7A,FZD1
WNT7A,FZD2
WNT7A,FZD3
WNT7A,FZD4
WNT7A,FZD5
WNT7A,FZD7
WNT7A,FZD8
WNT7A,FZD9
WNT7A,LDLR
WNT7A,LRP5
WNT7A,LRP6
WNT7A,RECK
WNT7A,SFRP1
WNT7A,SFRP4
WNT7B,FZD1
WNT7B,FZD2
WNT7B,FZD3
WNT7B,FZD4
WNT7B,FZD5
WNT7B,FZD7
WNT7B,FZD8
WNT7B,FZD9
WNT7B,LRP5
WNT7B,LRP6
WNT7B,SFRP1
WNT7B,SFRP4
WNT7B,TMED5
WNT9A,FZD1
WNT9A,FZD2
WNT9A,FZD3
WNT9A,FZD4
WNT9A,FZD5
WNT9A,FZD7
WNT9A,FZD8
WNT9A,FZD9
WNT9A,LRP5
WNT9A,LRP6
WNT9A,SFRP1
WNT9A,SFRP4
WNT9B,FZD1
WNT9B,FZD2
WNT9B,FZD3
WNT9B,FZD4
WNT9B,FZD5
WNT9B,FZD7
WNT9B,FZD8
WNT9B,FZD9
WNT9B,LRP5
WNT9B,LRP6
WNT9B,SFRP1
WNT9B,SFRP4
XCL1,ADGRV1
