"ligand_name","receptor_name"
"Adam17","Aplp2"
"Adam17","Cd9"
"Adam17","Erbb4"
"Adam17","Ghr"
"Adam17","Itga6"
"Adam17","Itgb1"
"Adam17","Nectin4"
"Adam17","Notch1"
"Adam17","Notch2"
"Adam17","Tnfrsf1a"
"Adcyap1","Adcyap1r1"
"Adcyap1","Adrb3"
"Adcyap1","Dpp4"
"Adcyap1","Ramp2"
"Adcyap1","Ramp3"
"Adcyap1","Vipr1"
"Adcyap1","Vipr2"
"Agt","Lrp2"
"Agt","Mas1"
"Ang","Egfr"
"Angpt1","Tek"
"Angpt2","Itgav"
"Angpt2","Itgb1"
"Angpt2","Itgb2"
"Angpt2","Tek"
"Angptl2","Itgb1"
"Angptl4","Cdh11"
"Angptl4","Cdh5"
"Angptl4","Itgav"
"Angptl4","Itgb1"
"Angptl4","Sdc2"
"Angptl4","Sdc3"
"Angptl4","Sdc4"
"Anxa1","Dysf"
"Anxa2","Cd44"
"Apoc1","Vldlr"
"Apoe","Abca1"
"Apoe","Ldlr"
"Apoe","Lrp1"
"Apoe","Lrp2"
"Apoe","Lrp5"
"Apoe","Lrp6"
"Apoe","Lrp8"
"Apoe","Scarb1"
"Apoe","Sdc4"
"Apoe","Sorl1"
"Apoe","Trem2"
"Apoe","Vldlr"
"App","Adra2a"
"App","Cav1"
"App","Cd47"
"App","Cd74"
"App","Dcc"
"App","Gpr3"
"App","Lrp1"
"App","Lrp10"
"App","Lrp2"
"App","Lrp4"
"App","Lrp6"
"App","Lrp8"
"App","Ncstn"
"App","Ngfr"
"App","Notch1"
"App","Notch2"
"App","Sorcs1"
"App","Sorl1"
"App","Tnfrsf21"
"App","Trpc6"
"App","Tspan12"
"App","Tspan15"
"App","Vldlr"
"Bdnf","Bex3"
"Bdnf","Ngfr"
"Bdnf","Ntrk2"
"Bdnf","Ntrk3"
"Bdnf","Sorcs2"
"Bdnf","Sort1"
"Bgn","Cd44"
"Bgn","P2rx4"
"Bgn","P2rx7"
"Bmp2","Acvr1"
"Bmp2","Acvr2a"
"Bmp2","Acvr2b"
"Bmp2","Bmpr1a"
"Bmp2","Bmpr1b"
"Bmp2","Bmpr2"
"Bmp2","Hfe2"
"Bmp2","Tgfbr3"
"Bmp3","Acvr2a"
"Bmp3","Acvr2b"
"Bmp4","Acvr2a"
"Bmp4","Acvr2b"
"Bmp4","Bmpr1a"
"Bmp4","Bmpr1b"
"Bmp4","Bmpr2"
"Bmp4","Hfe2"
"Bmp7","Acvr1"
"Bmp7","Acvr2a"
"Bmp7","Acvr2b"
"Bmp7","Acvrl1"
"Bmp7","Bmpr1a"
"Bmp7","Bmpr1b"
"Bmp7","Bmpr2"
"C1qa","Cd93"
"Calca","Calcrl"
"Calr","Lrp1"
"Cck","Cckbr"
"Ccl17","Ackr1"
"Cd14","C3ar1"
"Cd14","Cd55"
"Cd14","Itga4"
"Cd14","Itgb1"
"Cd14","Itgb2"
"Cd14","Tlr3"
"Cfh","Itgam"
"Clu","Lrp2"
"Clu","Lrp8"
"Clu","Vldlr"
"Col18a1","Gpc1"
"Col18a1","Gpc4"
"Col18a1","Itgb5"
"Col1a1","Cd44"
"Col1a1","Cd93"
"Col1a1","Itgb1"
"Col1a2","Cd44"
"Col1a2","Cd93"
"Col1a2","Itgb1"
"Col3a1","Ddr2"
"Col3a1","Itgb1"
"Col3a1","Mag"
"Col4a1","Cd93"
"Col4a1","Itgb1"
"Col4a2","Cd93"
"Col4a2","Itgb1"
"Col4a4","Cd93"
"Col4a4","Itgb1"
"Col8a1","Itga1"
"Col9a2","Mag"
"Copa","Ntsr2"
"Cort","Sstr2"
"Cort","Sstr3"
"Cp","Slc40a1"
"Crh","Crhr1"
"Crh","Crhr2"
"Csf1","Csf1r"
"Csf1","Flt4"
"Cst3","Lrp2"
"Ctf1","Il6st"
"Ctf1","Lifr"
"Ctgf","Egfr"
"Ctgf","Fgfr2"
"Ctgf","Itgam"
"Ctgf","Lrp1"
"Ctgf","Lrp6"
"Cthrc1","Fzd3"
"Cthrc1","Fzd5"
"Cthrc1","Fzd6"
"Ctsd","Lrp1"
"Cx3cl1","Cx3cr1"
"Cx3cl1","Itga4"
"Cx3cl1","Itgav"
"Cx3cl1","Itgb1"
"Cxcl12","Ackr3"
"Cxcl12","Cxcr4"
"Cxcl12","Dpp4"
"Cxcl12","Gpr17"
"Cxcl12","Itga4"
"Cxcl12","Itgav"
"Cxcl12","Itgb1"
"Cxcl14","Cxcr4"
"Cyr61","Itgam"
"Cyr61","Itgav"
"Cyr61","Itgb2"
"Dkk3","Kremen1"
"Edn1","Ednra"
"Edn1","Ednrb"
"Edn3","Ednra"
"Edn3","Ednrb"
"Efna1","Epha10"
"Efna1","Epha3"
"Efna1","Epha4"
"Efna1","Epha5"
"Efna1","Epha6"
"Efna1","Epha7"
"Efna1","Epha8"
"Egfl7","Itgav"
"Egfl7","Notch1"
"Egfl7","Notch2"
"Egfl7","Notch3"
"Enho","Gpr19"
"Fbln1","Itgb1"
"Fbn1","Itgav"
"Fgf1","Cd44"
"Fgf1","Fgfr1"
"Fgf1","Fgfr2"
"Fgf1","Fgfr3"
"Fgf1","Nrp1"
"Fgf10","Fgfr1"
"Fgf10","Fgfr2"
"Fgf10","Fgfr3"
"Fgf15","Fgfr1"
"Fgf15","Fgfr2"
"Fgf15","Fgfr3"
"Fgf2","Cd44"
"Fgf2","Fgfr1"
"Fgf2","Fgfr2"
"Fgf2","Fgfr3"
"Fgf2","Fgfrl1"
"Fgf2","Gpc4"
"Fgf2","Itgav"
"Fgf2","Kit"
"Fgf2","Notch1"
"Fgf2","Nrp1"
"Fgf2","Ptprz1"
"Fgf2","Sdc2"
"Fgf2","Sdc3"
"Fgf2","Sdc4"
"Fgf22","Fgfr1"
"Fgf22","Fgfr2"
"Fgf5","Fgfr1"
"Fgf5","Fgfr2"
"Fgf5","Fgfr3"
"Fgf9","Fgfr1"
"Fgf9","Fgfr2"
"Fgf9","Fgfr3"
"Flt3l","Flt3"
"Fn1","Cd44"
"Fn1","Col13a1"
"Fn1","Flrt2"
"Fn1","Itga2b"
"Fn1","Itga3"
"Fn1","Itgb1"
"Gas6","Axl"
"Gas6","Mertk"
"Gas6","Tyro3"
"Gdf10","Acvr1"
"Gdf10","Acvr1b"
"Gdf10","Acvr2a"
"Gdf10","Bmpr1a"
"Gdf10","Bmpr1b"
"Gdf11","Acvr1b"
"Gdf11","Acvr1c"
"Gdf11","Acvr2a"
"Gdf11","Acvr2b"
"Gdf11","Tgfbr1"
"Gnas","Htr6"
"Gnas","Pth1r"
"Grn","Sort1"
"Grn","Tnfrsf1a"
"Hbegf","Cd9"
"Hbegf","Egfr"
"Hbegf","Erbb3"
"Hbegf","Erbb4"
"Hmgb1","Cxcr4"
"Hmgb1","Itgam"
"Hmgb1","Itgav"
"Hmgb1","Thbd"
"Hspg2","Col13a1"
"Hspg2","Itgb1"
"Hspg2","Ptprs"
"Igf1","Igf1r"
"Igf1","Insr"
"Igf1","Itga6"
"Igf1","Itgav"
"Igf1","Itgb4"
"Igf2","Igf1r"
"Igf2","Igf2r"
"Igf2","Insr"
"Igf2","Itga6"
"Igf2","Itgav"
"Igf2","Itgb4"
"Igfbp4","Lrp6"
"Igfbp5","Cav1"
"Il16","Grin2c"
"Il16","Grin2d"
"Il16","Kcnd1"
"Il16","Kcnd2"
"Il16","Kcnj10"
"Il16","Kcnj4"
"Il18","Il18bp"
"Il2","Ngfr"
"Il33","Il1rap"
"Il33","Kit"
"Il34","Csf1r"
"Inha","Acvr2a"
"Inhba","Acvr1b"
"Inhba","Acvr1c"
"Inhba","Acvr2a"
"Inhba","Acvr2b"
"Inhba","Tgfbr1"
"Inhba","Tgfbr3"
"Inhbb","Acvr1b"
"Inhbb","Acvr1c"
"Inhbb","Acvr2a"
"Inhbb","Acvr2b"
"Jam3","Itga4"
"Jam3","Itgam"
"Jam3","Itgb1"
"Jam3","Itgb2"
"Kitl","Epor"
"Kitl","Kit"
"Lama1","Itga1"
"Lama1","Itga7"
"Lama1","Itgb1"
"Lama1","Itgb4"
"Lama2","Itga7"
"Lama2","Itgb1"
"Lama2","Itgb4"
"Lama3","Itgb4"
"Lama4","Itgb1"
"Lama5","Bcam"
"Lama5","Itgb4"
"Lamb1","Itga6"
"Lamb1","Itgb1"
"Lamc2","Itga3"
"Lamc2","Itga6"
"Lamc2","Itgb1"
"Lamc2","Itgb4"
"Lefty1","Acvr1"
"Lefty1","Acvr1b"
"Lefty1","Acvr2a"
"Lefty1","Acvr2b"
"Lgals3","Itga3"
"Lgals3","Itgb1"
"Lgals3","Itgb4"
"Lgals3","Mag"
"Lgals3","Mertk"
"Lgals3bp","Itgb1"
"Lgals9","Cd44"
"Lgals9","Ighm"
"Lgals9","Ptprc"
"Mdk","Itga4"
"Mdk","Itga6"
"Mdk","Itgb1"
"Mdk","Lrp1"
"Mdk","Lrp6"
"Mdk","Ncl"
"Mdk","Ptprz1"
"Mdk","Sdc2"
"Mdk","Sdc4"
"Mfap2","Notch1"
"Mfge8","Itgav"
"Mfge8","Itgb1"
"Mfge8","Itgb5"
"Mfge8","Pdgfrb"
"Mif","Ackr3"
"Mif","Cd44"
"Mif","Cd74"
"Mif","Cxcr4"
"Mmp2","Itgav"
"Mmp2","Itgb1"
"Mmp2","Sdc2"
"Mmp9","Cd44"
"Mmp9","Ephb2"
"Mmp9","Itgb2"
"Mmp9","Lrp1"
"Nampt","Insr"
"Nampt","Itgb1"
"Ndp","Fzd4"
"Ngf","Ngfr"
"Ngf","Ntrk3"
"Ngf","Sorcs2"
"Ngf","Sorcs3"
"Ngf","Sort1"
"Nid2","Col13a1"
"Nlgn1","Nrxn1"
"Nlgn1","Nrxn2"
"Nlgn1","Nrxn3"
"Nov","Notch1"
"Npnt","Itga8"
"Npnt","Itgb1"
"Nppc","Npr1"
"Nppc","Npr2"
"Nppc","Npr3"
"Nptx1","Nptxr"
"Nptx2","Nptxr"
"Npy","Dpp4"
"Npy","Fap"
"Npy","Gpr83"
"Npy","Npy1r"
"Npy","Npy2r"
"Npy","Npy5r"
"Npy","Pgr15l"
"Nrg1","Egfr"
"Nrg1","Erbb3"
"Nrg1","Erbb4"
"Nrg1","Itgav"
"Nrg2","Erbb3"
"Nrg2","Erbb4"
"Nrg3","Erbb3"
"Nrg3","Erbb4"
"Nrg4","Erbb4"
"Nrtn","Gfra1"
"Nrtn","Gfra2"
"Nrtn","Ret"
"Nrtn","Sdc3"
"Ntf3","Ngfr"
"Ntf3","Ntrk2"
"Ntf3","Ntrk3"
"Ntn1","Adora2b"
"Ntn1","Dcc"
"Ntn1","Mcam"
"Ntn1","Neo1"
"Ntn1","Robo3"
"Ntn1","Unc5a"
"Ntn1","Unc5b"
"Ntn1","Unc5c"
"Ntn1","Unc5d"
"Nts","Ngfr"
"Nts","Ntsr1"
"Nts","Ntsr2"
"Nts","Sort1"
"Nxph1","Nrxn1"
"Nxph1","Nrxn2"
"Nxph1","Nrxn3"
"Nxph2","Nrxn1"
"Nxph3","Nrxn1"
"Nxph3","Nrxn2"
"Nxph3","Nrxn3"
"Pdgfa","Pdgfra"
"Pdgfa","Pdgfrb"
"Pdgfb","Lrp1"
"Pdgfb","Pdgfra"
"Pdgfb","Pdgfrb"
"Pdgfc","Flt4"
"Pdgfc","Pdgfra"
"Pdgfc","Pdgfrb"
"Pdgfd","Pdgfra"
"Pdgfd","Pdgfrb"
"Pdyn","Oprk1"
"Pdyn","Oprl1"
"Penk","Oprk1"
"Penk","Oprl1"
"Pgf","Egfr"
"Pgf","Flt1"
"Pgf","Nrp1"
"Pgf","Nrp2"
"Pla2g5","Pla2r1"
"Plat","Itgam"
"Plat","Lrp1"
"Pltp","Abca1"
"Pnoc","Oprl1"
"Pomc","Mc4r"
"Pomc","Oprk1"
"Pomc","Oprl1"
"Postn","Egfr"
"Postn","Itgav"
"Postn","Itgb1"
"Postn","Itgb5"
"Prg4","Cd44"
"Pros1","Axl"
"Pros1","Mertk"
"Pros1","Tyro3"
"Psap","Gpr37"
"Psap","Gpr37l1"
"Psap","Lrp1"
"Pthlh","Pth1r"
"Ptn","Itgav"
"Ptn","Ncl"
"Ptn","Nrp1"
"Ptn","Ptprb"
"Ptn","Ptprz1"
"Ptn","Sdc2"
"Ptn","Sdc3"
"Ptn","Sdc4"
"Rbp4","Stra6"
"Reln","Itga2b"
"Reln","Itga3"
"Reln","Itgb1"
"Reln","Lrp8"
"Reln","Notch1"
"Reln","Vldlr"
"Rspo1","Lgr4"
"Rspo1","Lgr5"
"Rspo1","Lgr6"
"Rspo1","Lrp6"
"Rspo1","Znrf3"
"Rspo2","Lgr4"
"Rspo2","Lgr5"
"Rspo2","Lgr6"
"Rspo2","Znrf3"
"Rspo3","Fzd8"
"Rspo3","Lgr4"
"Rspo3","Lgr5"
"Rspo3","Lgr6"
"Rspo3","Lrp6"
"Rspo3","Sdc4"
"S100a4","Egfr"
"S100b","Alcam"
"S100b","Fgfr1"
"Selenop","Lrp2"
"Selenop","Lrp8"
"Sema3a","Nrp1"
"Sema3a","Nrp2"
"Sema3a","Plxna1"
"Sema3a","Plxna2"
"Sema3a","Plxna3"
"Sema3a","Plxna4"
"Sema3b","Nrp1"
"Sema3b","Nrp2"
"Sema3b","Plxna1"
"Sema3b","Plxna2"
"Sema3b","Plxna3"
"Sema3b","Plxna4"
"Sema3c","Nrp1"
"Sema3c","Nrp2"
"Sema3c","Plxna1"
"Sema3c","Plxna2"
"Sema3c","Plxna3"
"Sema3c","Plxna4"
"Sema3c","Plxnb1"
"Sema3c","Plxnd1"
"Sema3d","Nrp1"
"Sema3d","Nrp2"
"Sema3d","Plxna1"
"Sema3d","Plxna2"
"Sema3d","Plxna3"
"Sema3d","Plxna4"
"Sema3e","Nrp1"
"Sema3e","Plxna1"
"Sema3e","Plxnd1"
"Sema3f","Nrp1"
"Sema3f","Nrp2"
"Sema3f","Plxna1"
"Sema3f","Plxna2"
"Sema3f","Plxna3"
"Sema3f","Plxna4"
"Sema3g","Nrp2"
"Sema3g","Plxna1"
"Sema3g","Plxna2"
"Sema3g","Plxna3"
"Sema3g","Plxna4"
"Sfrp1","Fzd2"
"Sfrp2","Fzd5"
"Slit1","Flrt3"
"Slit1","Gpc1"
"Slit1","Plxna1"
"Slit1","Robo1"
"Slit1","Robo2"
"Slit2","Plxna1"
"Slit2","Robo1"
"Slit2","Robo2"
"Slit2","Robo3"
"Slit2","Robo4"
"Slit3","Plxna1"
"Slit3","Robo1"
"Slit3","Robo2"
"Slit3","Robo3"
"Sostdc1","Lrp6"
"Spon1","Lrp8"
"Spp1","Cd44"
"Spp1","Itga4"
"Spp1","Itga8"
"Spp1","Itga9"
"Spp1","Itgav"
"Spp1","Itgb1"
"Spp1","Itgb5"
"Sst","Sstr2"
"Sst","Sstr3"
"Tac1","Tacr1"
"Tac2","Tacr1"
"Tcn2","Lrp2"
"Tctn1","Tmem67"
"Tfpi","F3"
"Tgfa","Egfr"
"Tgfa","Erbb3"
"Tgfa","Erbb4"
"Tgfb1","Acvr1"
"Tgfb1","Acvr1b"
"Tgfb1","Acvr1c"
"Tgfb1","Acvrl1"
"Tgfb1","Eng"
"Tgfb1","Itgb1"
"Tgfb1","Itgb8"
"Tgfb1","Sdc2"
"Tgfb1","Tgfbr1"
"Tgfb1","Tgfbr2"
"Tgfb1","Tgfbr3"
"Tgfb2","Acvr1"
"Tgfb2","Acvr1b"
"Tgfb2","Acvr1c"
"Tgfb2","Tgfbr1"
"Tgfb2","Tgfbr2"
"Tgfb2","Tgfbr3"
"Tgfb3","Acvr1"
"Tgfb3","Acvr1b"
"Tgfb3","Acvr1c"
"Tgfb3","Eng"
"Tgfb3","Tgfbr1"
"Tgfb3","Tgfbr2"
"Tgfb3","Tgfbr3"
"Tgm2","Sdc4"
"Thbs1","Cd36"
"Thbs1","Cd47"
"Thbs1","Itga1"
"Thbs1","Itga3"
"Thbs1","Itgav"
"Thbs1","Itgb1"
"Thbs1","Itgb8"
"Thbs1","Lrp1"
"Thbs1","Ptprj"
"Thbs1","Scarb2"
"Thbs1","Vldlr"
"Thbs4","Notch1"
"Tnc","Egfr"
"Tnc","Itga7"
"Tnc","Itga8"
"Tnc","Itga9"
"Tnc","Itgav"
"Tnc","Itgb1"
"Tnc","Sdc4"
"Tnfsf12","Egfr"
"Tnfsf12","Tnfrsf12a"
"Tnfsf12","Tnfrsf25"
"Trf","Tfr2"
"Trf","Tfrc"
"Trh","Trhr"
"Vcam1","Itga4"
"Vcam1","Itga9"
"Vcam1","Itgb1"
"Vcam1","Itgb2"
"Vcan","Cd44"
"Vcan","Egfr"
"Vegfa","Axl"
"Vegfa","Flt1"
"Vegfa","Gpc1"
"Vegfa","Itgav"
"Vegfa","Kdr"
"Vegfa","Npr1"
"Vegfa","Nrp1"
"Vegfa","Nrp2"
"Vegfa","Ptprb"
"Vegfa","Ptprz1"
"Vegfa","Sdc2"
"Vegfb","Flt1"
"Vegfb","Nrp1"
"Vegfc","Ccbe1"
"Vegfc","Flt4"
"Vegfc","Itga9"
"Vegfc","Itgb1"
"Vegfc","Kdr"
"Vegfc","Nrp2"
"Vegfd","Fgfr2"
"Vegfd","Flt4"
"Vegfd","Itga9"
"Vegfd","Kdr"
"Vegfd","Nrp2"
"Vip","Adcyap1r1"
"Vip","Dpp4"
"Vip","Npr3"
"Vip","Ramp1"
"Vip","Ramp2"
"Vip","Ramp3"
"Vip","Vipr1"
"Vip","Vipr2"
"Vtn","Itga8"
"Vtn","Itgav"
"Vtn","Itgb5"
"Vwf","Gp1bb"
"Vwf","Gp5"
"Vwf","Itga2b"
"Vwf","Itga4"
"Vwf","Itgav"
"Vwf","Lrp1"
"Wnt10a","Fzd1"
"Wnt10a","Fzd10"
"Wnt10a","Fzd2"
"Wnt10a","Fzd3"
"Wnt10a","Fzd4"
"Wnt10a","Fzd5"
"Wnt10a","Fzd6"
"Wnt10a","Fzd7"
"Wnt10a","Fzd8"
"Wnt10a","Fzd9"
"Wnt10a","Lrp5"
"Wnt10a","Lrp6"
"Wnt2","Fzd1"
"Wnt2","Fzd10"
"Wnt2","Fzd2"
"Wnt2","Fzd3"
"Wnt2","Fzd4"
"Wnt2","Fzd5"
"Wnt2","Fzd6"
"Wnt2","Fzd7"
"Wnt2","Fzd8"
"Wnt2","Fzd9"
"Wnt2","Lrp5"
"Wnt2","Lrp6"
"Wnt3","Egfr"
"Wnt3","Fzd1"
"Wnt3","Fzd10"
"Wnt3","Fzd2"
"Wnt3","Fzd3"
"Wnt3","Fzd4"
"Wnt3","Fzd5"
"Wnt3","Fzd6"
"Wnt3","Fzd7"
"Wnt3","Fzd8"
"Wnt3","Fzd9"
"Wnt3","Lrp5"
"Wnt3","Lrp6"
"Wnt3","Ror1"
"Wnt3","Ror2"
"Wnt4","Fzd1"
"Wnt4","Fzd10"
"Wnt4","Fzd2"
"Wnt4","Fzd3"
"Wnt4","Fzd4"
"Wnt4","Fzd5"
"Wnt4","Fzd6"
"Wnt4","Fzd7"
"Wnt4","Fzd8"
"Wnt4","Fzd9"
"Wnt4","Lrp5"
"Wnt4","Lrp6"
"Wnt5a","Fzd1"
"Wnt5a","Fzd10"
"Wnt5a","Fzd2"
"Wnt5a","Fzd3"
"Wnt5a","Fzd4"
"Wnt5a","Fzd5"
"Wnt5a","Fzd6"
"Wnt5a","Fzd7"
"Wnt5a","Fzd8"
"Wnt5a","Fzd9"
"Wnt5a","Lrp5"
"Wnt5a","Lrp6"
"Wnt5a","Mcam"
"Wnt5a","Notch1"
"Wnt5a","Ror1"
"Wnt5a","Ror2"
"Wnt5a","Ryk"
"Wnt6","Fzd1"
"Wnt6","Fzd10"
"Wnt6","Fzd2"
"Wnt6","Fzd3"
"Wnt6","Fzd4"
"Wnt6","Fzd5"
"Wnt6","Fzd6"
"Wnt6","Fzd7"
"Wnt6","Fzd8"
"Wnt6","Fzd9"
"Wnt6","Lrp5"
"Wnt6","Lrp6"
"Wnt7a","Adgra2"
"Wnt7a","Celsr3"
"Wnt7a","Fzd1"
"Wnt7a","Fzd10"
"Wnt7a","Fzd2"
"Wnt7a","Fzd3"
"Wnt7a","Fzd4"
"Wnt7a","Fzd5"
"Wnt7a","Fzd6"
"Wnt7a","Fzd7"
"Wnt7a","Fzd8"
"Wnt7a","Fzd9"
"Wnt7a","Lrp4"
"Wnt7a","Lrp5"
"Wnt7a","Lrp6"
"Wnt7a","Reck"
"Wnt7b","Adgra2"
"Wnt7b","Celsr3"
"Wnt7b","Fzd1"
"Wnt7b","Fzd10"
"Wnt7b","Fzd2"
"Wnt7b","Fzd3"
"Wnt7b","Fzd4"
"Wnt7b","Fzd5"
"Wnt7b","Fzd6"
"Wnt7b","Fzd7"
"Wnt7b","Fzd8"
"Wnt7b","Fzd9"
"Wnt7b","Lrp5"
"Wnt7b","Lrp6"
"Wnt9a","Egfr"
"Wnt9a","Fzd1"
"Wnt9a","Fzd10"
"Wnt9a","Fzd2"
"Wnt9a","Fzd3"
"Wnt9a","Fzd4"
"Wnt9a","Fzd5"
"Wnt9a","Fzd6"
"Wnt9a","Fzd7"
"Wnt9a","Fzd8"
"Wnt9a","Fzd9"
"Wnt9a","Lrp5"
"Wnt9a","Lrp6"
"Wnt9b","Fzd1"
"Wnt9b","Fzd10"
"Wnt9b","Fzd2"
"Wnt9b","Fzd3"
"Wnt9b","Fzd4"
"Wnt9b","Fzd5"
"Wnt9b","Fzd6"
"Wnt9b","Fzd7"
"Wnt9b","Fzd8"
"Wnt9b","Fzd9"
"Wnt9b","Lrp5"
"Wnt9b","Lrp6"
