"","ligand_name","receptor_name","source"
"1","Adam17","Aplp2","CellTalkDB"
"2","Adam17","Cd40","CellTalkDB"
"3","Adam17","Cd9","CellTalkDB"
"4","Adam17","Erbb4","CellTalkDB"
"5","Adam17","Ghr","CellTalkDB"
"6","Adam17","Itga5","CellTalkDB"
"7","Adam17","Itga6","CellTalkDB"
"8","Adam17","Itgb1","CellTalkDB"
"9","Adam17","Itgb6","CellTalkDB"
"10","Adam17","Nectin4","CellTalkDB"
"11","Adam17","Notch1","CellTalkDB"
"12","Adam17","Notch2","CellTalkDB"
"13","Adam17","Rhbdf2","CellTalkDB"
"14","Adam17","Tnfrsf1a","CellTalkDB"
"15","Adam17","Tnfrsf1b","CellTalkDB"
"16","Adcyap1","Adcyap1r1","CellChatDB, CellTalkDB, GPCRDB"
"17","Adcyap1","Adrb3","CellTalkDB"
"18","Adcyap1","Dpp4","CellTalkDB"
"19","Adcyap1","Ramp2","CellTalkDB"
"20","Adcyap1","Ramp3","CellTalkDB"
"21","Adcyap1","Vipr1","CellTalkDB, GPCRDB"
"22","Adcyap1","Vipr2","CellTalkDB, GPCRDB"
"23","Adipoq","Adipor1","CellChatDB, CellTalkDB"
"24","Adipoq","Adipor2","CellChatDB, CellTalkDB"
"25","Adm","Calcr","CellChatDB"
"26","Adm","Calcrl","CellChatDB"
"27","Adm2","Calcrl","CellTalkDB"
"28","Adm2","Ramp3","CellTalkDB"
"29","Agrp","Mc3r","CellTalkDB"
"30","Agrp","Mc5r","CellTalkDB"
"31","Agrp","Sdc3","CellTalkDB"
"32","Agt","Agtr1a","CellChatDB, CellTalkDB, GPCRDB"
"33","Agt","Agtr1b","CellChatDB, CellTalkDB"
"34","Agt","Agtr2","CellTalkDB"
"35","Agt","Lrp2","CellTalkDB"
"36","Agt","Mas1","CellChatDB, CellTalkDB"
"37","Ahsg","Insr","CellTalkDB"
"38","Alkal1","Alk","CellTalkDB"
"39","Alkal2","Alk","CellTalkDB"
"40","Amelx","Cd63","CellTalkDB"
"41","Amelx","Lamp1","CellTalkDB"
"42","Amh","Acvr1","CellChatDB, CellTalkDB"
"43","Amh","Amhr2","CellChatDB, CellTalkDB"
"44","Amh","Bmpr1a","CellChatDB, CellTalkDB"
"45","Ang","Egfr","CellTalkDB"
"46","Angpt1","Itga5","CellTalkDB"
"47","Angpt1","Tek","CellChatDB, CellTalkDB"
"48","Angpt2","Itga5","CellChatDB, CellTalkDB"
"49","Angpt2","Itgav","CellTalkDB"
"50","Angpt2","Itgb1","CellChatDB, CellTalkDB"
"51","Angpt2","Itgb2","CellTalkDB"
"52","Angpt2","Tek","CellChatDB, CellTalkDB"
"53","Angpt4","Tek","CellTalkDB"
"54","Angptl1","Itga1","CellChatDB"
"55","Angptl1","Itgb1","CellChatDB"
"56","Angptl1","Pirb","CellChatDB"
"57","Angptl1","Tek","CellTalkDB"
"58","Angptl2","Itga5","CellChatDB"
"59","Angptl2","Itgb1","CellChatDB"
"60","Angptl2","Pirb","CellChatDB"
"61","Angptl2","Tlr4","CellChatDB"
"62","Angptl3","Itga5","CellTalkDB"
"63","Angptl3","Itgav","CellChatDB, CellTalkDB"
"64","Angptl3","Itgb3","CellChatDB, CellTalkDB"
"65","Angptl4","Cdh11","CellChatDB"
"66","Angptl4","Cdh5","CellChatDB"
"67","Angptl4","Gpihbp1","CellTalkDB"
"68","Angptl4","Itga5","CellChatDB"
"69","Angptl4","Itgav","CellChatDB"
"70","Angptl4","Itgb1","CellChatDB"
"71","Angptl4","Itgb3","CellChatDB"
"72","Angptl4","Sdc1","CellChatDB"
"73","Angptl4","Sdc2","CellChatDB"
"74","Angptl4","Sdc3","CellChatDB"
"75","Angptl4","Sdc4","CellChatDB"
"76","Angptl7","Pirb","CellChatDB"
"77","Angptl8","Gpihbp1","CellTalkDB"
"78","Anxa1","Dysf","CellTalkDB"
"79","Anxa1","Fpr1","CellChatDB, CellTalkDB, GPCRDB"
"80","Anxa1","Fpr2","CellChatDB, CellTalkDB"
"81","Anxa2","Cd44","CellTalkDB"
"82","Apela","Aplnr","CellChatDB, CellTalkDB"
"83","Apln","Aplnr","CellChatDB, CellTalkDB, GPCRDB"
"84","Apoa1","Abca1","CellTalkDB"
"85","Apoa1","Lrp2","CellTalkDB"
"86","Apob","Apobr","CellTalkDB"
"87","Apob","Cd36","CellTalkDB"
"88","Apob","Ldlr","CellTalkDB"
"89","Apob","Lrp1","CellTalkDB"
"90","Apob","Lrp2","CellTalkDB"
"91","Apob","Lrp6","CellTalkDB"
"92","Apob","Lsr","CellTalkDB"
"93","Apob","Mttp","CellTalkDB"
"94","Apob","Scarb1","CellTalkDB"
"95","Apob","Tlr4","CellTalkDB"
"96","Apoc1","Vldlr","CellTalkDB"
"97","Apoc3","Gpihbp1","CellTalkDB"
"98","Apoc3","Ldlr","CellTalkDB"
"99","Apoc3","Lrp1","CellTalkDB"
"100","Apoe","Abca1","CellTalkDB"
"101","Apoe","Ldlr","CellTalkDB"
"102","Apoe","Lrp1","CellTalkDB"
"103","Apoe","Lrp2","CellTalkDB"
"104","Apoe","Lrp5","CellTalkDB"
"105","Apoe","Lrp6","CellTalkDB"
"106","Apoe","Lrp8","CellTalkDB"
"107","Apoe","Scarb1","CellTalkDB"
"108","Apoe","Sdc1","CellTalkDB"
"109","Apoe","Sdc4","CellTalkDB"
"110","Apoe","Sorl1","CellTalkDB"
"111","Apoe","Trem2","CellTalkDB"
"112","Apoe","Vldlr","CellTalkDB"
"113","Apom","Lrp2","CellTalkDB"
"114","App","Adra2a","CellTalkDB"
"115","App","Casr","CellTalkDB"
"116","App","Cav1","CellTalkDB"
"117","App","Cd47","CellTalkDB"
"118","App","Cd74","CellTalkDB"
"119","App","Dcc","CellTalkDB"
"120","App","Drd3","CellTalkDB"
"121","App","Fpr2","CellTalkDB"
"122","App","Gpr3","CellTalkDB"
"123","App","Lrp1","CellTalkDB"
"124","App","Lrp10","CellTalkDB"
"125","App","Lrp2","CellTalkDB"
"126","App","Lrp4","CellTalkDB"
"127","App","Lrp6","CellTalkDB"
"128","App","Lrp8","CellTalkDB"
"129","App","Ncstn","CellTalkDB"
"130","App","Ngfr","CellTalkDB"
"131","App","Notch1","CellTalkDB"
"132","App","Notch2","CellTalkDB"
"133","App","Sorcs1","CellTalkDB"
"134","App","Sorl1","CellTalkDB"
"135","App","Tnfrsf21","CellTalkDB"
"136","App","Trpc6","CellTalkDB"
"137","App","Tspan12","CellTalkDB"
"138","App","Tspan15","CellTalkDB"
"139","App","Vldlr","CellTalkDB"
"140","Artn","Gfra1","CellChatDB, CellTalkDB"
"141","Artn","Gfra2","CellTalkDB"
"142","Artn","Gfra3","CellChatDB, CellTalkDB"
"143","Artn","Ret","CellTalkDB"
"144","Artn","Sdc3","CellTalkDB"
"145","Avp","Avpr1a","CellChatDB, CellTalkDB, GPCRDB"
"146","Avp","Avpr1b","CellChatDB, CellTalkDB, GPCRDB"
"147","Avp","Avpr2","CellChatDB, CellTalkDB, GPCRDB"
"148","Avp","Oxtr","CellTalkDB, GPCRDB"
"149","Bag6","Ncr3-ps","CellChatDB"
"150","Bdnf","Bex3","CellTalkDB"
"151","Bdnf","Insrr","CellTalkDB"
"152","Bdnf","Ngfr","CellTalkDB"
"153","Bdnf","Ntrk1","CellTalkDB"
"154","Bdnf","Ntrk2","CellChatDB, CellTalkDB"
"155","Bdnf","Ntrk3","CellTalkDB"
"156","Bdnf","Sorcs2","CellTalkDB"
"157","Bdnf","Sort1","CellTalkDB"
"158","Bgn","Cd44","CellTalkDB"
"159","Bgn","P2rx4","CellTalkDB"
"160","Bgn","P2rx7","CellTalkDB"
"161","Bgn","Tlr2","CellTalkDB"
"162","Bgn","Tlr4","CellTalkDB"
"163","Bmp10","Acvr1","CellTalkDB"
"164","Bmp10","Acvr2a","CellChatDB"
"165","Bmp10","Acvrl1","CellChatDB, CellTalkDB"
"166","Bmp10","Alk","CellTalkDB"
"167","Bmp10","Bmpr1a","CellTalkDB"
"168","Bmp10","Bmpr1b","CellTalkDB"
"169","Bmp10","Bmpr2","CellChatDB, CellTalkDB"
"170","Bmp10","Eng","CellTalkDB"
"171","Bmp10","Tgfbr1","CellTalkDB"
"172","Bmp15","Acvr1b","CellTalkDB"
"173","Bmp15","Acvr1c","CellTalkDB"
"174","Bmp15","Bmpr1a","CellTalkDB"
"175","Bmp15","Bmpr1b","CellChatDB, CellTalkDB"
"176","Bmp15","Bmpr2","CellChatDB, CellTalkDB"
"177","Bmp15","Tgfbr1","CellTalkDB"
"178","Bmp2","Acvr1","CellTalkDB"
"179","Bmp2","Acvr2a","CellChatDB, CellTalkDB"
"180","Bmp2","Acvr2b","CellChatDB, CellTalkDB"
"181","Bmp2","Bmpr1a","CellChatDB, CellTalkDB"
"182","Bmp2","Bmpr1b","CellChatDB, CellTalkDB"
"183","Bmp2","Bmpr2","CellChatDB, CellTalkDB"
"184","Bmp2","Hjv","CellTalkDB"
"185","Bmp2","Tgfbr3","CellTalkDB"
"186","Bmp3","Acvr2a","CellTalkDB"
"187","Bmp3","Acvr2b","CellTalkDB"
"188","Bmp4","Acvr2a","CellChatDB, CellTalkDB"
"189","Bmp4","Acvr2b","CellChatDB"
"190","Bmp4","Bmpr1a","CellChatDB, CellTalkDB"
"191","Bmp4","Bmpr1b","CellChatDB, CellTalkDB"
"192","Bmp4","Bmpr2","CellChatDB, CellTalkDB"
"193","Bmp4","Hjv","CellTalkDB"
"194","Bmp4","Musk","CellTalkDB"
"195","Bmp5","Acvr1","CellChatDB"
"196","Bmp5","Acvr2a","CellChatDB"
"197","Bmp5","Acvr2b","CellChatDB"
"198","Bmp5","Bmpr1a","CellChatDB, CellTalkDB"
"199","Bmp5","Bmpr1b","CellChatDB, CellTalkDB"
"200","Bmp5","Bmpr2","CellChatDB, CellTalkDB"
"201","Bmp6","Acvr1","CellChatDB, CellTalkDB"
"202","Bmp6","Acvr2a","CellChatDB"
"203","Bmp6","Acvr2b","CellChatDB, CellTalkDB"
"204","Bmp6","Bmpr1a","CellChatDB, CellTalkDB"
"205","Bmp6","Bmpr1b","CellChatDB, CellTalkDB"
"206","Bmp6","Bmpr2","CellChatDB, CellTalkDB"
"207","Bmp6","Hjv","CellTalkDB"
"208","Bmp7","Acvr1","CellChatDB, CellTalkDB"
"209","Bmp7","Acvr2a","CellChatDB, CellTalkDB"
"210","Bmp7","Acvr2b","CellChatDB, CellTalkDB"
"211","Bmp7","Acvrl1","CellTalkDB"
"212","Bmp7","Bmpr1a","CellChatDB, CellTalkDB"
"213","Bmp7","Bmpr1b","CellChatDB, CellTalkDB"
"214","Bmp7","Bmpr2","CellChatDB, CellTalkDB"
"215","Bmp8a","Acvr1","CellChatDB"
"216","Bmp8a","Acvr2a","CellChatDB, CellTalkDB"
"217","Bmp8a","Acvr2b","CellChatDB, CellTalkDB"
"218","Bmp8a","Bmpr1a","CellChatDB, CellTalkDB"
"219","Bmp8a","Bmpr1b","CellChatDB"
"220","Bmp8a","Bmpr2","CellChatDB, CellTalkDB"
"221","Bmp8a","Tgfbr1","CellTalkDB"
"222","Bmp8a","Tgfbr2","CellTalkDB"
"223","Bmp8b","Acvr1","CellChatDB"
"224","Bmp8b","Acvr2a","CellChatDB, CellTalkDB"
"225","Bmp8b","Acvr2b","CellChatDB, CellTalkDB"
"226","Bmp8b","Bmpr1a","CellChatDB, CellTalkDB"
"227","Bmp8b","Bmpr1b","CellChatDB, CellTalkDB"
"228","Bmp8b","Bmpr2","CellChatDB, CellTalkDB"
"229","Bmp8b","Tgfbr2","CellTalkDB"
"230","Btc","Egfr","CellChatDB, CellTalkDB"
"231","Btc","Erbb2","CellChatDB, CellTalkDB"
"232","Btc","Erbb4","CellChatDB, CellTalkDB"
"233","C1qa","Cd93","CellTalkDB"
"234","C1qtnf5","Mfrp","CellTalkDB"
"235","C3","C3ar1","CellChatDB, CellTalkDB, GPCRDB"
"236","C3","C5ar1","GPCRDB"
"237","C3","C5ar2","CellTalkDB"
"238","C3","Cd19","CellTalkDB"
"239","C3","Cd46","CellTalkDB"
"240","C3","Cd55","CellTalkDB"
"241","C3","Cd81","CellTalkDB"
"242","C3","Cr2","CellChatDB, CellTalkDB"
"243","C3","Itgam","CellChatDB, CellTalkDB"
"244","C3","Itgax","CellChatDB"
"245","C3","Itgb2","CellChatDB, CellTalkDB"
"246","C3","Lrp1","CellTalkDB"
"247","C4b","Cr2","CellChatDB"
"248","Calca","Calcr","CellChatDB, CellTalkDB, GPCRDB"
"249","Calca","Calcrl","CellChatDB, CellTalkDB"
"250","Calcb","Calcr","CellChatDB"
"251","Calcb","Calcrl","CellChatDB"
"252","Calr","Lrp1","CellTalkDB"
"253","Calr","Mpl","CellTalkDB"
"254","Calr","Scarf1","CellTalkDB"
"255","Camp","Fpr2","GPCRDB"
"256","Camp","P2rx7","CellTalkDB"
"257","Cck","Cckar","CellChatDB, CellTalkDB, GPCRDB"
"258","Cck","Cckbr","CellChatDB, CellTalkDB, GPCRDB"
"259","Ccl11","Ackr1","CellChatDB"
"260","Ccl11","Ackr2","CellChatDB, CellTalkDB"
"261","Ccl11","Ackr4","CellTalkDB"
"262","Ccl11","Ccr2","CellTalkDB, GPCRDB"
"263","Ccl11","Ccr3","CellChatDB, CellTalkDB, GPCRDB"
"264","Ccl11","Ccr5","CellTalkDB, GPCRDB"
"265","Ccl11","Cxcr3","CellTalkDB"
"266","Ccl12","Ccr2","CellChatDB, CellTalkDB"
"267","Ccl12","Ccr4","CellTalkDB"
"268","Ccl17","Ackr1","CellChatDB, CellTalkDB"
"269","Ccl17","Ackr2","CellChatDB, CellTalkDB"
"270","Ccl17","Ccr4","CellChatDB, CellTalkDB"
"271","Ccl17","Ccr8","CellTalkDB"
"272","Ccl19","Ackr4","CellChatDB, CellTalkDB"
"273","Ccl19","Ccr7","CellChatDB, CellTalkDB, GPCRDB"
"274","Ccl19","Ccrl2","GPCRDB"
"275","Ccl19","Cxcr3","CellTalkDB"
"276","Ccl2","Ackr1","CellChatDB, CellTalkDB"
"277","Ccl2","Ackr2","CellChatDB, CellTalkDB"
"278","Ccl2","Ccr2","CellChatDB, CellTalkDB, GPCRDB"
"279","Ccl2","Ccr3","GPCRDB"
"280","Ccl2","Ccr4","CellTalkDB"
"281","Ccl2","Ccr5","GPCRDB"
"282","Ccl20","Ccr6","CellChatDB, CellTalkDB, GPCRDB"
"283","Ccl20","Cxcr3","CellTalkDB"
"284","Ccl21a","Ackr2","CellTalkDB"
"285","Ccl21a","Ackr4","CellChatDB"
"286","Ccl21a","Ccr7","CellChatDB, CellTalkDB, GPCRDB"
"287","Ccl21a","Cxcr3","CellTalkDB"
"288","Ccl21b","Ackr4","CellChatDB"
"289","Ccl21b","Ccr7","CellChatDB, CellTalkDB"
"290","Ccl21b","Cxcr3","CellTalkDB"
"291","Ccl21c","Ackr4","CellChatDB"
"292","Ccl21c","Ccr7","CellChatDB, CellTalkDB"
"293","Ccl21c","Cxcr3","CellTalkDB"
"294","Ccl22","Ackr2","CellChatDB, CellTalkDB"
"295","Ccl22","Ccr4","CellChatDB, CellTalkDB, GPCRDB"
"296","Ccl22","Dpp4","CellTalkDB"
"297","Ccl24","Ackr2","CellChatDB, CellTalkDB"
"298","Ccl24","Ccr2","CellTalkDB"
"299","Ccl24","Ccr3","CellChatDB, CellTalkDB, GPCRDB"
"300","Ccl25","Ackr2","CellTalkDB"
"301","Ccl25","Ackr4","CellChatDB, CellTalkDB"
"302","Ccl25","Ccr9","CellChatDB, CellTalkDB"
"303","Ccl27a","Ccr10","GPCRDB"
"304","Ccl28","Ackr2","CellTalkDB"
"305","Ccl28","Ccr10","CellChatDB, CellTalkDB, GPCRDB"
"306","Ccl28","Ccr3","CellChatDB, CellTalkDB, GPCRDB"
"307","Ccl3","Ackr2","CellChatDB, CellTalkDB"
"308","Ccl3","Ccr1","CellChatDB, CellTalkDB, GPCRDB"
"309","Ccl3","Ccr1l1","CellChatDB"
"310","Ccl3","Ccr3","CellTalkDB"
"311","Ccl3","Ccr5","CellChatDB, CellTalkDB, GPCRDB"
"312","Ccl4","Ackr2","CellChatDB, CellTalkDB"
"313","Ccl4","Ccr1","CellTalkDB, GPCRDB"
"314","Ccl4","Ccr3","CellTalkDB"
"315","Ccl4","Ccr5","CellChatDB, CellTalkDB, GPCRDB"
"316","Ccl4","Ccr8","CellTalkDB"
"317","Ccl5","Ackr1","CellChatDB, CellTalkDB"
"318","Ccl5","Ackr2","CellChatDB, CellTalkDB"
"319","Ccl5","Ackr4","CellTalkDB"
"320","Ccl5","Ccr1","CellChatDB, CellTalkDB, GPCRDB"
"321","Ccl5","Ccr1l1","CellChatDB"
"322","Ccl5","Ccr3","CellChatDB, CellTalkDB, GPCRDB"
"323","Ccl5","Ccr4","CellChatDB, CellTalkDB"
"324","Ccl5","Ccr5","CellChatDB, CellTalkDB, GPCRDB"
"325","Ccl5","Ccrl2","CellTalkDB"
"326","Ccl5","Gpr75","CellTalkDB"
"327","Ccl6","Ccr1","CellChatDB, CellTalkDB"
"328","Ccl6","Ccr1l1","CellChatDB"
"329","Ccl6","Ccr2","CellChatDB"
"330","Ccl6","Ccr3","CellChatDB"
"331","Ccl7","Ackr1","CellChatDB"
"332","Ccl7","Ccr1","CellChatDB, CellTalkDB, GPCRDB"
"333","Ccl7","Ccr10","CellTalkDB"
"334","Ccl7","Ccr1l1","CellChatDB"
"335","Ccl7","Ccr2","CellChatDB, CellTalkDB, GPCRDB"
"336","Ccl7","Ccr3","CellChatDB, CellTalkDB, GPCRDB"
"337","Ccl7","Ccr5","CellTalkDB, GPCRDB"
"338","Ccl7","Cxcr3","CellTalkDB"
"339","Ccl8","Ackr1","CellChatDB"
"340","Ccl8","Ackr4","CellChatDB"
"341","Ccl8","Ccr1","CellChatDB, CellTalkDB, GPCRDB"
"342","Ccl8","Ccr1l1","CellChatDB"
"343","Ccl8","Ccr2","CellChatDB, CellTalkDB, GPCRDB"
"344","Ccl8","Ccr3","CellTalkDB, GPCRDB"
"345","Ccl8","Ccr5","CellChatDB, CellTalkDB, GPCRDB"
"346","Ccl8","Ccr8","CellTalkDB, GPCRDB"
"347","Ccl9","Ccr1","CellChatDB, CellTalkDB"
"348","Ccl9","Ccr1l1","CellChatDB"
"349","Ccn1","Itgam","CellTalkDB"
"350","Ccn1","Itgav","CellTalkDB"
"351","Ccn1","Itgb2","CellTalkDB"
"352","Ccn1","Tlr2","CellTalkDB"
"353","Ccn2","Egfr","CellTalkDB"
"354","Ccn2","Fgfr2","CellTalkDB"
"355","Ccn2","Itga5","CellTalkDB"
"356","Ccn2","Itgam","CellTalkDB"
"357","Ccn2","Lrp1","CellTalkDB"
"358","Ccn2","Lrp6","CellTalkDB"
"359","Ccn2","Ntrk1","CellTalkDB"
"360","Ccn3","Notch1","CellTalkDB"
"361","Cd14","C3ar1","CellTalkDB"
"362","Cd14","Cd55","CellTalkDB"
"363","Cd14","Itga4","CellTalkDB"
"364","Cd14","Itgb1","CellTalkDB"
"365","Cd14","Itgb2","CellTalkDB"
"366","Cd14","Ly96","CellTalkDB"
"367","Cd14","Tlr2","CellTalkDB"
"368","Cd14","Tlr3","CellTalkDB"
"369","Cd14","Tlr4","CellTalkDB"
"370","Cd14","Tlr9","CellTalkDB"
"371","Cd160","Tnfrsf14","CellTalkDB"
"372","Cd40lg","Cd40","CellTalkDB"
"373","Cd40lg","Itga2b","CellChatDB"
"374","Cd40lg","Itga5","CellChatDB"
"375","Cd40lg","Itgam","CellChatDB"
"376","Cd40lg","Itgb1","CellChatDB"
"377","Cd40lg","Itgb2","CellChatDB"
"378","Cd40lg","Itgb3","CellChatDB"
"379","Cd40lg","Traf1","CellTalkDB"
"380","Cd40lg","Traf2","CellTalkDB"
"381","Cd40lg","Traf3","CellTalkDB"
"382","Ceacam16","Tecta","CellTalkDB"
"383","Ceacam16","Tectb","CellTalkDB"
"384","Cel","Cxcr4","CellTalkDB"
"385","Cfh","Itgam","CellTalkDB"
"386","Cfh","Sell","CellTalkDB"
"387","Cga","Fshr","CellChatDB"
"388","Cga","Lhcgr","CellChatDB"
"389","Cga","Tshr","CellChatDB"
"390","Chad","Itga2","CellTalkDB"
"391","Chad","Itgb1","CellTalkDB"
"392","Clcf1","Cntfr","CellChatDB, CellTalkDB"
"393","Clcf1","Crlf1","CellTalkDB"
"394","Clcf1","Il6st","CellTalkDB"
"395","Clcf1","Lifr","CellChatDB"
"396","Clu","Lrp2","CellTalkDB"
"397","Clu","Lrp8","CellTalkDB"
"398","Clu","Vldlr","CellTalkDB"
"399","Col18a1","Gpc1","CellTalkDB"
"400","Col18a1","Gpc4","CellTalkDB"
"401","Col18a1","Itgb5","CellTalkDB"
"402","Col1a1","Cd44","CellTalkDB"
"403","Col1a1","Cd93","CellTalkDB"
"404","Col1a1","Itgb1","CellTalkDB"
"405","Col1a2","Cd44","CellTalkDB"
"406","Col1a2","Cd93","CellTalkDB"
"407","Col1a2","Itga2","CellTalkDB"
"408","Col1a2","Itgb1","CellTalkDB"
"409","Col2a1","Itga1","CellTalkDB"
"410","Col2a1","Itga2","CellTalkDB"
"411","Col2a1","Itga2b","CellTalkDB"
"412","Col2a1","Itgav","CellTalkDB"
"413","Col2a1","Mag","CellTalkDB"
"414","Col3a1","Ddr2","CellTalkDB"
"415","Col3a1","Itgb1","CellTalkDB"
"416","Col3a1","Mag","CellTalkDB"
"417","Col4a1","Cd93","CellTalkDB"
"418","Col4a1","Itgb1","CellTalkDB"
"419","Col4a2","Cd93","CellTalkDB"
"420","Col4a2","Itgb1","CellTalkDB"
"421","Col4a3","Itga2","CellTalkDB"
"422","Col4a3","Itgb1","CellTalkDB"
"423","Col4a4","Cd93","CellTalkDB"
"424","Col4a4","Itgb1","CellTalkDB"
"425","Col8a1","Itga1","CellTalkDB"
"426","Col8a1","Itga2","CellTalkDB"
"427","Col9a1","Mag","CellTalkDB"
"428","Col9a2","Mag","CellTalkDB"
"429","Comp","Cd36","CellTalkDB"
"430","Comp","Cd47","CellTalkDB"
"431","Comp","Itga7","CellTalkDB"
"432","Comp","Itgav","CellTalkDB"
"433","Comp","Notch1","CellTalkDB"
"434","Comp","Notch3","CellTalkDB"
"435","Copa","Ntsr2","GPCRDB"
"436","Cort","Ghsr","CellTalkDB"
"437","Cort","Sstr1","CellChatDB, CellTalkDB, GPCRDB"
"438","Cort","Sstr2","CellChatDB, CellTalkDB, GPCRDB"
"439","Cort","Sstr3","CellChatDB, CellTalkDB, GPCRDB"
"440","Cort","Sstr4","CellChatDB, CellTalkDB, GPCRDB"
"441","Cort","Sstr5","CellChatDB, CellTalkDB, GPCRDB"
"442","Cp","Slc40a1","CellTalkDB"
"443","Crh","Crhr1","CellChatDB, CellTalkDB"
"444","Crh","Crhr2","CellChatDB, CellTalkDB"
"445","Crisp2","Catsper1","CellTalkDB"
"446","Crp","Fcgr1","CellTalkDB"
"447","Crp","Olr1","CellTalkDB"
"448","Crp","Tlr4","CellTalkDB"
"449","Csf1","Csf1r","CellChatDB, CellTalkDB"
"450","Csf1","Flt4","CellTalkDB"
"451","Csf2","Csf1r","CellTalkDB"
"452","Csf2","Csf2ra","CellChatDB, CellTalkDB"
"453","Csf2","Csf2rb","CellChatDB, CellTalkDB"
"454","Csf2","Csf3r","CellTalkDB"
"455","Csf2","Sdc2","CellTalkDB"
"456","Csf3","Csf1r","CellTalkDB"
"457","Csf3","Csf3r","CellChatDB, CellTalkDB"
"458","Cst3","Lrp2","CellTalkDB"
"459","Ctf1","Il6st","CellChatDB, CellTalkDB"
"460","Ctf1","Lifr","CellChatDB"
"461","Cthrc1","Fzd3","CellTalkDB"
"462","Cthrc1","Fzd5","CellTalkDB"
"463","Cthrc1","Fzd6","CellTalkDB"
"464","Ctsd","Lrp1","CellTalkDB"
"465","Ctsg","F2r","CellChatDB"
"466","Ctsg","F2rl1","CellChatDB"
"467","Ctsg","F2rl2","CellChatDB"
"468","Ctsg","F2rl3","CellChatDB, GPCRDB"
"469","Ctsg","Fpr1","GPCRDB"
"470","Ctsg","Pard3","CellChatDB"
"471","Cx3cl1","Cx3cr1","CellChatDB, CellTalkDB, GPCRDB"
"472","Cx3cl1","Itga4","CellTalkDB"
"473","Cx3cl1","Itgav","CellTalkDB"
"474","Cx3cl1","Itgb1","CellTalkDB"
"475","Cx3cl1","Itgb3","CellTalkDB"
"476","Cxcl1","Ackr1","CellChatDB, CellTalkDB"
"477","Cxcl1","Cxcr1","CellChatDB, CellTalkDB"
"478","Cxcl1","Cxcr2","CellChatDB, CellTalkDB, GPCRDB"
"479","Cxcl10","Ackr1","CellChatDB"
"480","Cxcl10","Ccr3","GPCRDB"
"481","Cxcl10","Cxcr3","CellChatDB, CellTalkDB, GPCRDB"
"482","Cxcl10","Cxcr4","CellTalkDB"
"483","Cxcl10","Dpp4","CellTalkDB"
"484","Cxcl10","Sdc4","CellTalkDB"
"485","Cxcl10","Tlr4","CellTalkDB"
"486","Cxcl11","Ackr1","CellChatDB"
"487","Cxcl11","Ackr3","CellChatDB"
"488","Cxcl11","Ccr3","GPCRDB"
"489","Cxcl11","Cxcr3","CellChatDB, GPCRDB"
"490","Cxcl12","Ackr3","CellChatDB, CellTalkDB"
"491","Cxcl12","Agtr1a","CellTalkDB"
"492","Cxcl12","Avpr1a","CellTalkDB"
"493","Cxcl12","Cmklr1","CellTalkDB"
"494","Cxcl12","Cxcr4","CellChatDB, CellTalkDB, GPCRDB"
"495","Cxcl12","Dpp4","CellTalkDB"
"496","Cxcl12","Gpr17","CellTalkDB"
"497","Cxcl12","Itga4","CellTalkDB"
"498","Cxcl12","Itga5","CellTalkDB"
"499","Cxcl12","Itgav","CellTalkDB"
"500","Cxcl12","Itgb1","CellTalkDB"
"501","Cxcl12","Itgb3","CellTalkDB"
"502","Cxcl12","Oprd1","CellTalkDB"
"503","Cxcl12","Oprm1","CellTalkDB"
"504","Cxcl13","Ackr1","CellChatDB"
"505","Cxcl13","Ackr4","CellTalkDB"
"506","Cxcl13","Cxcr3","CellChatDB, CellTalkDB"
"507","Cxcl13","Cxcr5","CellChatDB, CellTalkDB, GPCRDB"
"508","Cxcl14","Cxcr4","CellTalkDB"
"509","Cxcl17","Gpr35","CellTalkDB"
"510","Cxcl2","Ackr1","CellChatDB, CellTalkDB"
"511","Cxcl2","Cxcr1","CellChatDB"
"512","Cxcl2","Cxcr2","CellChatDB, CellTalkDB, GPCRDB"
"513","Cxcl3","Ackr1","CellChatDB"
"514","Cxcl3","Cxcr1","CellChatDB"
"515","Cxcl3","Cxcr2","CellChatDB, CellTalkDB, GPCRDB"
"516","Cxcl3","Cxcr3","CellTalkDB"
"517","Cxcl4","Cxcr3","CellChatDB"
"518","Cxcl5","Ackr1","CellChatDB, CellTalkDB"
"519","Cxcl5","Cxcr1","CellChatDB"
"520","Cxcl5","Cxcr2","CellChatDB, CellTalkDB, GPCRDB"
"521","Cxcl9","Ackr1","CellChatDB"
"522","Cxcl9","Ccr3","CellTalkDB, GPCRDB"
"523","Cxcl9","Cxcr3","CellChatDB, CellTalkDB, GPCRDB"
"524","Cxcl9","Dpp4","CellTalkDB"
"525","Dhh","Ptch1","CellChatDB"
"526","Dhh","Ptch2","CellChatDB"
"527","Dkk1","Kremen1","CellTalkDB"
"528","Dkk1","Kremen2","CellTalkDB"
"529","Dkk1","Lrp5","CellTalkDB"
"530","Dkk1","Lrp6","CellTalkDB"
"531","Dkk2","Lrp6","CellTalkDB"
"532","Dkk3","Kremen1","CellTalkDB"
"533","Dkk4","Kremen1","CellTalkDB"
"534","Dkk4","Lrp6","CellTalkDB"
"535","Dmp1","Phex","CellTalkDB"
"536","Draxin","Dcc","CellTalkDB"
"537","Dspp","Itgav","CellTalkDB"
"538","Dspp","Itgb6","CellTalkDB"
"539","Ebi3","Il27ra","CellChatDB, CellTalkDB"
"540","Ebi3","Il6st","CellChatDB, CellTalkDB"
"541","Eda","Eda2r","CellChatDB, CellTalkDB"
"542","Eda","Edar","CellChatDB, CellTalkDB"
"543","Edn1","Ednra","CellChatDB, CellTalkDB, GPCRDB"
"544","Edn1","Ednrb","CellChatDB, CellTalkDB"
"545","Edn1","Kel","CellTalkDB"
"546","Edn2","Ednra","CellChatDB, CellTalkDB"
"547","Edn2","Ednrb","CellChatDB, CellTalkDB"
"548","Edn2","Kel","CellTalkDB"
"549","Edn3","Ednra","CellChatDB, CellTalkDB"
"550","Edn3","Ednrb","CellChatDB, CellTalkDB, GPCRDB"
"551","Edn3","Kel","CellTalkDB"
"552","Efna1","Epha1","CellTalkDB"
"553","Efna1","Epha10","CellTalkDB"
"554","Efna1","Epha2","CellTalkDB"
"555","Efna1","Epha3","CellTalkDB"
"556","Efna1","Epha4","CellTalkDB"
"557","Efna1","Epha5","CellTalkDB"
"558","Efna1","Epha6","CellTalkDB"
"559","Efna1","Epha7","CellTalkDB"
"560","Efna1","Epha8","CellTalkDB"
"561","Egfl7","Itgav","CellTalkDB"
"562","Egfl7","Notch1","CellTalkDB"
"563","Egfl7","Notch2","CellTalkDB"
"564","Egfl7","Notch3","CellTalkDB"
"565","Enho","Gpr19","CellChatDB"
"566","Epo","Epor","CellChatDB, CellTalkDB"
"567","Epo","Mpl","CellTalkDB"
"568","Ereg","Egfr","CellChatDB, CellTalkDB"
"569","Ereg","Erbb2","CellChatDB"
"570","Ereg","Erbb4","CellChatDB"
"571","F2","F2r","GPCRDB"
"572","F2","F2rl2","GPCRDB"
"573","F2","F2rl3","GPCRDB"
"574","F7","F2rl1","CellTalkDB"
"575","F7","F3","CellTalkDB"
"576","F8","Ldlr","CellTalkDB"
"577","F8","Lrp1","CellTalkDB"
"578","F9","Lrp1","CellTalkDB"
"579","Fasl","Fas","CellChatDB, CellTalkDB"
"580","Fbln1","Itgb1","CellTalkDB"
"581","Fbn1","Itgav","CellTalkDB"
"582","Fga","Itga2b","CellTalkDB"
"583","Fga","Itga5","CellTalkDB"
"584","Fga","Itgb1","CellTalkDB"
"585","Fga","Itgb2","CellTalkDB"
"586","Fga","Itgb3","CellTalkDB"
"587","Fga","Tlr4","CellTalkDB"
"588","Fgb","Itga5","CellTalkDB"
"589","Fgf1","Cd44","CellTalkDB"
"590","Fgf1","Fgfr1","CellChatDB, CellTalkDB"
"591","Fgf1","Fgfr2","CellChatDB, CellTalkDB"
"592","Fgf1","Fgfr3","CellChatDB, CellTalkDB"
"593","Fgf1","Fgfr4","CellChatDB, CellTalkDB"
"594","Fgf1","Nrp1","CellTalkDB"
"595","Fgf10","Fgfr1","CellChatDB, CellTalkDB"
"596","Fgf10","Fgfr2","CellChatDB, CellTalkDB"
"597","Fgf10","Fgfr3","CellTalkDB"
"598","Fgf15","Fgfr1","CellChatDB, CellTalkDB"
"599","Fgf15","Fgfr2","CellChatDB, CellTalkDB"
"600","Fgf15","Fgfr3","CellChatDB, CellTalkDB"
"601","Fgf15","Fgfr4","CellChatDB, CellTalkDB"
"602","Fgf15","Klb","CellTalkDB"
"603","Fgf16","Fgfr1","CellChatDB, CellTalkDB"
"604","Fgf16","Fgfr2","CellChatDB, CellTalkDB"
"605","Fgf16","Fgfr3","CellChatDB, CellTalkDB"
"606","Fgf16","Fgfr4","CellChatDB, CellTalkDB"
"607","Fgf17","Fgfr1","CellChatDB, CellTalkDB"
"608","Fgf17","Fgfr2","CellChatDB, CellTalkDB"
"609","Fgf17","Fgfr3","CellChatDB, CellTalkDB"
"610","Fgf17","Fgfr4","CellChatDB, CellTalkDB"
"611","Fgf18","Fgfr1","CellChatDB, CellTalkDB"
"612","Fgf18","Fgfr2","CellChatDB, CellTalkDB"
"613","Fgf18","Fgfr3","CellChatDB, CellTalkDB"
"614","Fgf18","Fgfr4","CellChatDB, CellTalkDB"
"615","Fgf2","Cd44","CellTalkDB"
"616","Fgf2","Fgfr1","CellChatDB, CellTalkDB"
"617","Fgf2","Fgfr2","CellChatDB, CellTalkDB"
"618","Fgf2","Fgfr3","CellChatDB, CellTalkDB"
"619","Fgf2","Fgfr4","CellChatDB, CellTalkDB"
"620","Fgf2","Fgfrl1","CellTalkDB"
"621","Fgf2","Gpc4","CellTalkDB"
"622","Fgf2","Itgav","CellTalkDB"
"623","Fgf2","Itgb3","CellTalkDB"
"624","Fgf2","Kit","CellTalkDB"
"625","Fgf2","Lyve1","CellTalkDB"
"626","Fgf2","Notch1","CellTalkDB"
"627","Fgf2","Nrp1","CellTalkDB"
"628","Fgf2","Ptprz1","CellTalkDB"
"629","Fgf2","Sdc1","CellTalkDB"
"630","Fgf2","Sdc2","CellTalkDB"
"631","Fgf2","Sdc3","CellTalkDB"
"632","Fgf2","Sdc4","CellTalkDB"
"633","Fgf20","Fgfr1","CellChatDB, CellTalkDB"
"634","Fgf20","Fgfr2","CellChatDB, CellTalkDB"
"635","Fgf20","Fgfr3","CellChatDB, CellTalkDB"
"636","Fgf20","Fgfr4","CellChatDB, CellTalkDB"
"637","Fgf21","Fgfr1","CellChatDB, CellTalkDB"
"638","Fgf21","Fgfr2","CellTalkDB"
"639","Fgf21","Fgfr3","CellChatDB, CellTalkDB"
"640","Fgf21","Klb","CellTalkDB"
"641","Fgf22","Fgfr1","CellTalkDB"
"642","Fgf22","Fgfr2","CellChatDB, CellTalkDB"
"643","Fgf23","Fgfr1","CellChatDB, CellTalkDB"
"644","Fgf23","Fgfr2","CellTalkDB"
"645","Fgf23","Fgfr3","CellChatDB, CellTalkDB"
"646","Fgf23","Fgfr4","CellChatDB, CellTalkDB"
"647","Fgf23","Kl","CellTalkDB"
"648","Fgf4","Fgfr1","CellChatDB, CellTalkDB"
"649","Fgf4","Fgfr2","CellChatDB, CellTalkDB"
"650","Fgf4","Fgfr3","CellChatDB, CellTalkDB"
"651","Fgf4","Fgfr4","CellChatDB, CellTalkDB"
"652","Fgf4","Nrp1","CellTalkDB"
"653","Fgf5","Fgfr1","CellChatDB, CellTalkDB"
"654","Fgf5","Fgfr2","CellChatDB, CellTalkDB"
"655","Fgf5","Fgfr3","CellChatDB, CellTalkDB"
"656","Fgf5","Fgfr4","CellChatDB, CellTalkDB"
"657","Fgf6","Fgfr1","CellChatDB, CellTalkDB"
"658","Fgf6","Fgfr2","CellChatDB, CellTalkDB"
"659","Fgf6","Fgfr3","CellChatDB, CellTalkDB"
"660","Fgf6","Fgfr4","CellChatDB, CellTalkDB"
"661","Fgf7","Fgfr1","CellChatDB, CellTalkDB"
"662","Fgf7","Fgfr2","CellChatDB, CellTalkDB"
"663","Fgf7","Fgfr3","CellTalkDB"
"664","Fgf7","Nrp1","CellTalkDB"
"665","Fgf8","Fgfr1","CellChatDB, CellTalkDB"
"666","Fgf8","Fgfr2","CellChatDB, CellTalkDB"
"667","Fgf8","Fgfr3","CellChatDB, CellTalkDB"
"668","Fgf8","Fgfr4","CellChatDB, CellTalkDB"
"669","Fgf8","Fgfrl1","CellTalkDB"
"670","Fgf9","Fgfr1","CellChatDB, CellTalkDB"
"671","Fgf9","Fgfr2","CellChatDB, CellTalkDB"
"672","Fgf9","Fgfr3","CellChatDB, CellTalkDB"
"673","Fgf9","Fgfr4","CellChatDB, CellTalkDB"
"674","Fgg","Itga2b","CellTalkDB"
"675","Fgg","Itga5","CellTalkDB"
"676","Fgg","Itgav","CellTalkDB"
"677","Fgg","Itgb2","CellTalkDB"
"678","Flt3l","Flt3","CellChatDB, CellTalkDB"
"679","Fn1","Cd44","CellTalkDB"
"680","Fn1","Cd79a","CellTalkDB"
"681","Fn1","Col13a1","CellTalkDB"
"682","Fn1","Flrt2","CellTalkDB"
"683","Fn1","Itga2b","CellTalkDB"
"684","Fn1","Itga3","CellTalkDB"
"685","Fn1","Itga5","CellTalkDB"
"686","Fn1","Itgb1","CellTalkDB"
"687","Fn1","Itgb7","CellTalkDB"
"688","Fshb","Fshr","CellChatDB, CellTalkDB"
"689","Gal","Galr1","CellChatDB, CellTalkDB, GPCRDB"
"690","Gal","Galr2","CellChatDB, CellTalkDB, GPCRDB"
"691","Gal","Galr3","CellChatDB"
"692","Gal","Gpr151","CellTalkDB"
"693","Galp","Galr1","CellChatDB, CellTalkDB"
"694","Galp","Galr2","CellChatDB, CellTalkDB"
"695","Gas6","Axl","CellChatDB, CellTalkDB"
"696","Gas6","Mertk","CellChatDB, CellTalkDB"
"697","Gas6","Tyro3","CellChatDB, CellTalkDB"
"698","Gc","Lrp2","CellTalkDB"
"699","Gcg","Dpp4","CellTalkDB"
"700","Gcg","Gcgr","CellChatDB, CellTalkDB, GPCRDB"
"701","Gcg","Gipr","CellChatDB"
"702","Gcg","Glp1r","CellChatDB, CellTalkDB, GPCRDB"
"703","Gcg","Glp2r","CellChatDB, CellTalkDB, GPCRDB"
"704","Gdf1","Acvr1b","CellChatDB"
"705","Gdf1","Acvr1c","CellChatDB"
"706","Gdf1","Acvr2a","CellChatDB"
"707","Gdf1","Acvr2b","CellChatDB"
"708","Gdf10","Acvr1","CellTalkDB"
"709","Gdf10","Acvr1b","CellChatDB"
"710","Gdf10","Acvr2a","CellChatDB"
"711","Gdf10","Bmpr1a","CellTalkDB"
"712","Gdf10","Bmpr1b","CellTalkDB"
"713","Gdf11","Acvr1b","CellChatDB, CellTalkDB"
"714","Gdf11","Acvr1c","CellTalkDB"
"715","Gdf11","Acvr2a","CellChatDB, CellTalkDB"
"716","Gdf11","Acvr2b","CellChatDB, CellTalkDB"
"717","Gdf11","Tgfbr1","CellChatDB, CellTalkDB"
"718","Gdf15","Egfr","CellTalkDB"
"719","Gdf15","Gfral","CellTalkDB"
"720","Gdf15","Ret","CellTalkDB"
"721","Gdf15","Tgfbr1","CellTalkDB"
"722","Gdf15","Tgfbr2","CellChatDB, CellTalkDB"
"723","Gdf2","Acvr1","CellTalkDB"
"724","Gdf2","Acvr2a","CellChatDB"
"725","Gdf2","Acvrl1","CellChatDB, CellTalkDB"
"726","Gdf2","Alk","CellTalkDB"
"727","Gdf2","Bmpr2","CellChatDB, CellTalkDB"
"728","Gdf3","Acvr1b","CellChatDB, CellTalkDB"
"729","Gdf3","Acvr1c","CellChatDB, CellTalkDB"
"730","Gdf3","Acvr2a","CellChatDB, CellTalkDB"
"731","Gdf3","Acvr2b","CellChatDB, CellTalkDB"
"732","Gdf3","Tgfbr1","CellTalkDB"
"733","Gdf5","Acvr1","CellTalkDB"
"734","Gdf5","Acvr2a","CellChatDB, CellTalkDB"
"735","Gdf5","Acvr2b","CellChatDB, CellTalkDB"
"736","Gdf5","Bmpr1a","CellChatDB"
"737","Gdf5","Bmpr1b","CellChatDB, CellTalkDB"
"738","Gdf5","Bmpr2","CellChatDB, CellTalkDB"
"739","Gdf5","Ror2","CellTalkDB"
"740","Gdf6","Acvr2a","CellChatDB, CellTalkDB"
"741","Gdf6","Acvr2b","CellChatDB"
"742","Gdf6","Bmpr1a","CellChatDB, CellTalkDB"
"743","Gdf6","Bmpr1b","CellChatDB, CellTalkDB"
"744","Gdf6","Bmpr2","CellChatDB, CellTalkDB"
"745","Gdf7","Acvr2a","CellChatDB, CellTalkDB"
"746","Gdf7","Acvr2b","CellChatDB"
"747","Gdf7","Bmpr1a","CellChatDB, CellTalkDB"
"748","Gdf7","Bmpr1b","CellChatDB, CellTalkDB"
"749","Gdf7","Bmpr2","CellChatDB, CellTalkDB"
"750","Gdf9","Acvr1b","CellChatDB, CellTalkDB"
"751","Gdf9","Acvr1c","CellTalkDB"
"752","Gdf9","Acvr2a","CellTalkDB"
"753","Gdf9","Bmpr1a","CellTalkDB"
"754","Gdf9","Bmpr1b","CellTalkDB"
"755","Gdf9","Bmpr2","CellChatDB, CellTalkDB"
"756","Gdf9","Tgfbr1","CellTalkDB"
"757","Gdnf","Gfra1","CellChatDB, CellTalkDB"
"758","Gdnf","Gfra2","CellTalkDB"
"759","Gdnf","Gfra3","CellTalkDB"
"760","Gdnf","Gfra4","CellTalkDB"
"761","Gdnf","Ret","CellTalkDB"
"762","Gdnf","Sdc3","CellTalkDB"
"763","Gdnf","Sorl1","CellTalkDB"
"764","Gh","Ghr","CellChatDB, CellTalkDB"
"765","Gh","Prlr","CellChatDB"
"766","Gh1","Ghr","CellChatDB"
"767","Ghrh","Ghrhr","CellChatDB, CellTalkDB, GPCRDB"
"768","Ghrh","Ghsr","CellChatDB"
"769","Ghrh","Vipr1","CellChatDB, CellTalkDB"
"770","Ghrh","Vipr2","CellChatDB"
"771","Ghrl","Ghsr","CellChatDB, CellTalkDB, GPCRDB"
"772","Gip","Dpp4","CellTalkDB"
"773","Gip","Gipr","CellChatDB, CellTalkDB, GPCRDB"
"774","Gm13304","Ccr7","GPCRDB"
"775","Gnas","Gcgr","CellTalkDB"
"776","Gnas","Htr6","CellTalkDB"
"777","Gnas","Lhcgr","CellTalkDB"
"778","Gnas","Ptgdr","CellTalkDB"
"779","Gnas","Pth1r","CellTalkDB"
"780","Gnrh1","Gnrhr","CellChatDB, CellTalkDB"
"781","Grn","Sort1","CellChatDB, CellTalkDB"
"782","Grn","Tnfrsf1a","CellTalkDB"
"783","Grn","Tnfrsf1b","CellTalkDB"
"784","Grp","Grpr","CellChatDB, CellTalkDB"
"785","Grp","Nmbr","CellTalkDB"
"786","Guca2a","Gucy2c","CellChatDB, CellTalkDB"
"787","Guca2b","Gucy2c","CellChatDB, CellTalkDB"
"788","Gzma","F2r","CellChatDB"
"789","Gzma","F2rl1","CellChatDB"
"790","Gzma","F2rl2","CellChatDB"
"791","Gzma","F2rl3","CellChatDB"
"792","Gzma","Pard3","CellChatDB"
"793","Hbegf","Cd9","CellTalkDB"
"794","Hbegf","Egfr","CellChatDB, CellTalkDB"
"795","Hbegf","Erbb2","CellChatDB, CellTalkDB"
"796","Hbegf","Erbb3","CellTalkDB"
"797","Hbegf","Erbb4","CellChatDB, CellTalkDB"
"798","Hc","C5ar1","CellChatDB, CellTalkDB"
"799","Hc","C5ar2","CellTalkDB"
"800","Hcrt","Hcrtr1","GPCRDB"
"801","Hcrt","Hcrtr2","GPCRDB"
"802","Hmgb1","Ager","CellTalkDB"
"803","Hmgb1","Cxcr4","CellTalkDB"
"804","Hmgb1","Havcr2","CellTalkDB"
"805","Hmgb1","Itgam","CellTalkDB"
"806","Hmgb1","Itgav","CellTalkDB"
"807","Hmgb1","Itgb3","CellTalkDB"
"808","Hmgb1","Ly96","CellTalkDB"
"809","Hmgb1","Thbd","CellTalkDB"
"810","Hmgb1","Tlr1","CellTalkDB"
"811","Hmgb1","Tlr2","CellTalkDB"
"812","Hmgb1","Tlr4","CellTalkDB"
"813","Hmgb1","Tlr9","CellTalkDB"
"814","Hp","Itgam","CellTalkDB"
"815","Hpx","Lrp1","CellTalkDB"
"816","Hrg","Erbb2","CellTalkDB"
"817","Hrg","Erbb3","CellTalkDB"
"818","Hspg2","Col13a1","CellTalkDB"
"819","Hspg2","Itgb1","CellTalkDB"
"820","Hspg2","Ptprs","CellTalkDB"
"821","Iapp","Calcr","CellChatDB, CellTalkDB, GPCRDB"
"822","Iapp","Calcrl","CellChatDB"
"823","Iapp","Ramp3","CellTalkDB"
"824","Icam4","Itgam","CellTalkDB"
"825","Icam4","Itgav","CellTalkDB"
"826","Ifna1","Ifnar1","CellChatDB"
"827","Ifna1","Ifnar2","CellChatDB"
"828","Ifna11","Ifnar1","CellChatDB"
"829","Ifna11","Ifnar2","CellChatDB"
"830","Ifna12","Ifnar1","CellChatDB"
"831","Ifna12","Ifnar2","CellChatDB"
"832","Ifna13","Ifnar1","CellChatDB"
"833","Ifna13","Ifnar2","CellChatDB"
"834","Ifna2","Ifnar1","CellChatDB"
"835","Ifna2","Ifnar2","CellChatDB"
"836","Ifna4","Ifnar1","CellChatDB"
"837","Ifna4","Ifnar2","CellChatDB"
"838","Ifna5","Ifnar1","CellChatDB"
"839","Ifna5","Ifnar2","CellChatDB"
"840","Ifna6","Ifnar1","CellChatDB"
"841","Ifna6","Ifnar2","CellChatDB"
"842","Ifna7","Ifnar1","CellChatDB"
"843","Ifna7","Ifnar2","CellChatDB"
"844","Ifna9","Ifnar1","CellChatDB"
"845","Ifna9","Ifnar2","CellChatDB"
"846","Ifnb1","Ifnar1","CellChatDB, CellTalkDB"
"847","Ifnb1","Ifnar2","CellChatDB, CellTalkDB"
"848","Ifne","Ifnar1","CellChatDB"
"849","Ifne","Ifnar2","CellChatDB"
"850","Ifng","Ifngr1","CellChatDB, CellTalkDB"
"851","Ifng","Ifngr2","CellChatDB, CellTalkDB"
"852","Ifnk","Ifnar1","CellChatDB"
"853","Ifnk","Ifnar2","CellChatDB"
"854","Ifnl2","Ifnlr1","CellChatDB"
"855","Ifnl2","Il10rb","CellChatDB"
"856","Ifnl3","Ifnlr1","CellChatDB"
"857","Ifnl3","Il10rb","CellChatDB"
"858","Igf1","Igf1r","CellChatDB, CellTalkDB"
"859","Igf1","Insr","CellTalkDB"
"860","Igf1","Itga6","CellChatDB"
"861","Igf1","Itgav","CellChatDB, CellTalkDB"
"862","Igf1","Itgb3","CellChatDB, CellTalkDB"
"863","Igf1","Itgb4","CellChatDB"
"864","Igf2","Igf1r","CellChatDB, CellTalkDB"
"865","Igf2","Igf2r","CellChatDB, CellTalkDB"
"866","Igf2","Insr","CellTalkDB"
"867","Igf2","Itga6","CellChatDB"
"868","Igf2","Itgav","CellChatDB"
"869","Igf2","Itgb3","CellChatDB"
"870","Igf2","Itgb4","CellChatDB"
"871","Igfbp4","Lrp6","CellTalkDB"
"872","Igfbp5","Cav1","CellTalkDB"
"873","Igfl3","Igflr1","CellChatDB"
"874","Ihh","Cdon","CellTalkDB"
"875","Ihh","Gpc1","CellTalkDB"
"876","Ihh","Hhip","CellTalkDB"
"877","Ihh","Ptch1","CellChatDB, CellTalkDB"
"878","Ihh","Ptch2","CellChatDB, CellTalkDB"
"879","Ihh","Smo","CellTalkDB"
"880","Il10","Il10ra","CellChatDB, CellTalkDB"
"881","Il10","Il10rb","CellChatDB, CellTalkDB"
"882","Il11","Il11ra1","CellChatDB, CellTalkDB"
"883","Il11","Il11ra2","CellChatDB"
"884","Il11","Il6st","CellChatDB, CellTalkDB"
"885","Il12a","Il12rb1","CellTalkDB"
"886","Il12b","Il12rb1","CellChatDB"
"887","Il12b","Il12rb2","CellChatDB"
"888","Il13","Il13ra1","CellChatDB, CellTalkDB"
"889","Il13","Il13ra2","CellChatDB, CellTalkDB"
"890","Il13","Il4r","CellChatDB"
"891","Il13","Il4ra","CellTalkDB"
"892","Il15","Il11ra1","CellTalkDB"
"893","Il15","Il15ra","CellChatDB, CellTalkDB"
"894","Il15","Il2ra","CellTalkDB"
"895","Il15","Il2rb","CellChatDB, CellTalkDB"
"896","Il15","Il2rg","CellTalkDB"
"897","Il16","Cd4","CellChatDB, CellTalkDB"
"898","Il16","Grin2c","CellTalkDB"
"899","Il16","Grin2d","CellTalkDB"
"900","Il16","Kcna3","CellTalkDB"
"901","Il16","Kcnd1","CellTalkDB"
"902","Il16","Kcnd2","CellTalkDB"
"903","Il16","Kcnj10","CellTalkDB"
"904","Il16","Kcnj15","CellTalkDB"
"905","Il16","Kcnj4","CellTalkDB"
"906","Il17a","Il17ra","CellChatDB, CellTalkDB"
"907","Il17a","Il17rc","CellChatDB, CellTalkDB"
"908","Il17a","Il17rd","CellTalkDB"
"909","Il17b","Il17rb","CellChatDB, CellTalkDB"
"910","Il17c","Il17ra","CellChatDB"
"911","Il17c","Il17re","CellChatDB, CellTalkDB"
"912","Il17f","Il17ra","CellChatDB, CellTalkDB"
"913","Il17f","Il17rc","CellChatDB, CellTalkDB"
"914","Il18","Il18bp","CellTalkDB"
"915","Il18","Il18r1","CellChatDB, CellTalkDB"
"916","Il18","Il18rap","CellChatDB, CellTalkDB"
"917","Il19","Il20ra","CellChatDB, CellTalkDB"
"918","Il19","Il20rb","CellChatDB, CellTalkDB"
"919","Il1a","Il1r1","CellChatDB, CellTalkDB"
"920","Il1a","Il1r2","CellTalkDB"
"921","Il1a","Il1rap","CellChatDB, CellTalkDB"
"922","Il1b","Il1r1","CellChatDB, CellTalkDB"
"923","Il1b","Il1r2","CellTalkDB"
"924","Il1b","Il1rap","CellChatDB, CellTalkDB"
"925","Il1f10","Il1rap","CellChatDB"
"926","Il1f10","Il1rl2","CellChatDB"
"927","Il1f5","Il1rap","CellChatDB"
"928","Il1f5","Il1rl2","CellChatDB"
"929","Il1f6","Il1rap","CellChatDB, CellTalkDB"
"930","Il1f6","Il1rl2","CellChatDB, CellTalkDB"
"931","Il1f8","Il1f5","CellTalkDB"
"932","Il1f8","Il1rap","CellChatDB, CellTalkDB"
"933","Il1f8","Il1rl2","CellChatDB, CellTalkDB"
"934","Il1f9","Il1rap","CellChatDB, CellTalkDB"
"935","Il1f9","Il1rl2","CellChatDB, CellTalkDB"
"936","Il1rn","Il1r1","CellTalkDB"
"937","Il1rn","Il1r2","CellTalkDB"
"938","Il1rn","Il1rl2","CellTalkDB"
"939","Il2","Il2ra","CellChatDB, CellTalkDB"
"940","Il2","Il2rb","CellChatDB, CellTalkDB"
"941","Il2","Il2rg","CellChatDB, CellTalkDB"
"942","Il2","Ngfr","CellTalkDB"
"943","Il20","Il20ra","CellChatDB, CellTalkDB"
"944","Il20","Il20rb","CellChatDB, CellTalkDB"
"945","Il20","Il22ra1","CellChatDB, CellTalkDB"
"946","Il21","Il21r","CellChatDB, CellTalkDB"
"947","Il21","Il2rg","CellChatDB, CellTalkDB"
"948","Il22","Il10rb","CellChatDB"
"949","Il22","Il22ra1","CellChatDB, CellTalkDB"
"950","Il22","Il22ra2","CellTalkDB"
"951","Il23a","Il12rb1","CellChatDB, CellTalkDB"
"952","Il23a","Il23r","CellChatDB, CellTalkDB"
"953","Il24","Il20ra","CellChatDB, CellTalkDB"
"954","Il24","Il20rb","CellChatDB, CellTalkDB"
"955","Il24","Il22ra1","CellChatDB, CellTalkDB"
"956","Il25","Il17ra","CellChatDB"
"957","Il25","Il17rb","CellChatDB, CellTalkDB"
"958","Il27","Il27ra","CellTalkDB"
"959","Il27","Il6st","CellTalkDB"
"960","Il3","Csf2rb","CellChatDB"
"961","Il3","Csf2rb2","CellTalkDB"
"962","Il3","Il2ra","CellTalkDB"
"963","Il3","Il3ra","CellChatDB, CellTalkDB"
"964","Il3","Il4ra","CellTalkDB"
"965","Il31","Il31ra","CellChatDB, CellTalkDB"
"966","Il31","Osmr","CellChatDB, CellTalkDB"
"967","Il33","Il1rap","CellChatDB, CellTalkDB"
"968","Il33","Il1rl1","CellChatDB, CellTalkDB"
"969","Il33","Kit","CellTalkDB"
"970","Il34","Csf1r","CellChatDB, CellTalkDB"
"971","Il4","Il13ra1","CellChatDB, CellTalkDB"
"972","Il4","Il13ra2","CellChatDB, CellTalkDB"
"973","Il4","Il2ra","CellTalkDB"
"974","Il4","Il2rg","CellChatDB, CellTalkDB"
"975","Il4","Il4r","CellChatDB"
"976","Il4","Il4ra","CellTalkDB"
"977","Il4","Tlr2","CellTalkDB"
"978","Il5","Csf2rb","CellChatDB, CellTalkDB"
"979","Il5","Il5ra","CellChatDB, CellTalkDB"
"980","Il6","Egfr","CellTalkDB"
"981","Il6","Il6r","CellChatDB"
"982","Il6","Il6ra","CellTalkDB"
"983","Il6","Il6st","CellChatDB, CellTalkDB"
"984","Il7","Il2rg","CellChatDB, CellTalkDB"
"985","Il7","Il7r","CellChatDB, CellTalkDB"
"986","Il9","Il2rg","CellChatDB"
"987","Il9","Il9r","CellChatDB, CellTalkDB"
"988","Inha","Acvr2a","CellTalkDB"
"989","Inhba","Acvr1b","CellChatDB, CellTalkDB"
"990","Inhba","Acvr1c","CellTalkDB"
"991","Inhba","Acvr2a","CellChatDB, CellTalkDB"
"992","Inhba","Acvr2b","CellChatDB, CellTalkDB"
"993","Inhba","Tgfbr1","CellTalkDB"
"994","Inhba","Tgfbr3","CellTalkDB"
"995","Inhbb","Acvr1b","CellChatDB"
"996","Inhbb","Acvr1c","CellChatDB, CellTalkDB"
"997","Inhbb","Acvr2a","CellChatDB, CellTalkDB"
"998","Inhbb","Acvr2b","CellChatDB, CellTalkDB"
"999","Inhbc","Acvr1b","CellChatDB"
"1000","Inhbc","Acvr1c","CellChatDB"
"1001","Inhbc","Acvr2a","CellChatDB, CellTalkDB"
"1002","Inhbc","Acvr2b","CellChatDB, CellTalkDB"
"1003","Inhbe","Acvr1b","CellChatDB"
"1004","Inhbe","Acvr1c","CellChatDB"
"1005","Inhbe","Acvr2a","CellChatDB, CellTalkDB"
"1006","Inhbe","Acvr2b","CellChatDB, CellTalkDB"
"1007","Ins1","Inssr","CellChatDB"
"1008","Ins2","Inssr","CellChatDB"
"1009","Insl3","Rxfp1","CellChatDB, CellTalkDB"
"1010","Insl3","Rxfp2","CellChatDB, CellTalkDB"
"1011","Insl3","Rxfp3","CellChatDB"
"1012","Insl3","Rxfp4","CellChatDB"
"1013","Insl5","Rxfp1","CellChatDB"
"1014","Insl5","Rxfp2","CellChatDB"
"1015","Insl5","Rxfp3","CellChatDB"
"1016","Insl5","Rxfp4","CellChatDB, CellTalkDB, GPCRDB"
"1017","Jam3","Itga4","CellTalkDB"
"1018","Jam3","Itgal","CellTalkDB"
"1019","Jam3","Itgam","CellTalkDB"
"1020","Jam3","Itgb1","CellTalkDB"
"1021","Jam3","Itgb2","CellTalkDB"
"1022","Kiss1","Kiss1r","CellChatDB, GPCRDB"
"1023","Kitl","Epor","CellTalkDB"
"1024","Kitl","Kit","CellChatDB, CellTalkDB"
"1025","Kng1","Bdkrb1","CellChatDB, GPCRDB"
"1026","Kng1","Bdkrb2","CellChatDB, GPCRDB"
"1027","Lama1","Itga1","CellTalkDB"
"1028","Lama1","Itga2","CellTalkDB"
"1029","Lama1","Itga7","CellTalkDB"
"1030","Lama1","Itgb1","CellTalkDB"
"1031","Lama1","Itgb4","CellTalkDB"
"1032","Lama2","Itga2","CellTalkDB"
"1033","Lama2","Itga7","CellTalkDB"
"1034","Lama2","Itgb1","CellTalkDB"
"1035","Lama2","Itgb4","CellTalkDB"
"1036","Lama3","Itgb4","CellTalkDB"
"1037","Lama4","Itgb1","CellTalkDB"
"1038","Lama5","Bcam","CellTalkDB"
"1039","Lama5","Itgb4","CellTalkDB"
"1040","Lamb1","Itga6","CellTalkDB"
"1041","Lamb1","Itgb1","CellTalkDB"
"1042","Lamc2","Itga3","CellTalkDB"
"1043","Lamc2","Itga6","CellTalkDB"
"1044","Lamc2","Itgb1","CellTalkDB"
"1045","Lamc2","Itgb4","CellTalkDB"
"1046","Lcn2","Lrp2","CellTalkDB"
"1047","Lcn2","Slc22a17","CellTalkDB"
"1048","Lefty1","Acvr1","CellTalkDB"
"1049","Lefty1","Acvr1b","CellTalkDB"
"1050","Lefty1","Acvr2a","CellTalkDB"
"1051","Lefty1","Acvr2b","CellTalkDB"
"1052","Lefty2","Acvr1b","CellTalkDB"
"1053","Lefty2","Acvr2a","CellTalkDB"
"1054","Lefty2","Acvr2b","CellTalkDB"
"1055","Lep","Lepr","CellChatDB, CellTalkDB"
"1056","Lep","Leprot","CellTalkDB"
"1057","Lep","Lrp2","CellTalkDB"
"1058","Lgals3","Il13ra2","CellTalkDB"
"1059","Lgals3","Itga3","CellTalkDB"
"1060","Lgals3","Itgb1","CellTalkDB"
"1061","Lgals3","Itgb3","CellTalkDB"
"1062","Lgals3","Itgb4","CellTalkDB"
"1063","Lgals3","Mag","CellTalkDB"
"1064","Lgals3","Mertk","CellTalkDB"
"1065","Lgals3bp","Itgb1","CellTalkDB"
"1066","Lgals9","Cd40","CellTalkDB"
"1067","Lgals9","Cd44","CellChatDB"
"1068","Lgals9","Cd45","CellChatDB"
"1069","Lgals9","Clec7a","CellTalkDB"
"1070","Lgals9","Havcr2","CellChatDB, CellTalkDB"
"1071","Lgals9","Ighm","CellChatDB"
"1072","Lhb","Lhcgr","CellChatDB, CellTalkDB"
"1073","Lif","Il6st","CellChatDB, CellTalkDB"
"1074","Lif","Lifr","CellChatDB, CellTalkDB"
"1075","Lipc","Ldlr","CellTalkDB"
"1076","Lipc","Lrp1","CellTalkDB"
"1077","Lipc","Scarb1","CellTalkDB"
"1078","Liph","Lpar1","CellTalkDB"
"1079","Lta","Ltb","CellChatDB"
"1080","Lta","Ltbr","CellChatDB, CellTalkDB"
"1081","Lta","Tnfrsf14","CellChatDB, CellTalkDB"
"1082","Lta","Tnfrsf1a","CellChatDB, CellTalkDB"
"1083","Lta","Tnfrsf1b","CellChatDB, CellTalkDB"
"1084","Mdk","Alk","CellChatDB, CellTalkDB"
"1085","Mdk","Itga4","CellChatDB"
"1086","Mdk","Itga6","CellChatDB"
"1087","Mdk","Itgb1","CellChatDB, CellTalkDB"
"1088","Mdk","Lrp1","CellChatDB, CellTalkDB"
"1089","Mdk","Lrp6","CellTalkDB"
"1090","Mdk","Ncl","CellChatDB"
"1091","Mdk","Ptprz1","CellChatDB, CellTalkDB"
"1092","Mdk","Sdc1","CellChatDB"
"1093","Mdk","Sdc2","CellChatDB"
"1094","Mdk","Sdc4","CellChatDB"
"1095","Mfap2","Notch1","CellTalkDB"
"1096","Mfap5","Notch1","CellTalkDB"
"1097","Mfge8","Itgav","CellTalkDB"
"1098","Mfge8","Itgb1","CellTalkDB"
"1099","Mfge8","Itgb3","CellTalkDB"
"1100","Mfge8","Itgb5","CellTalkDB"
"1101","Mfge8","Pdgfrb","CellTalkDB"
"1102","Mif","Ackr3","CellChatDB, CellTalkDB"
"1103","Mif","Cd44","CellChatDB, CellTalkDB"
"1104","Mif","Cd74","CellChatDB, CellTalkDB"
"1105","Mif","Cxcr2","CellChatDB, CellTalkDB"
"1106","Mif","Cxcr4","CellChatDB, CellTalkDB"
"1107","Mmp12","Plaur","CellTalkDB"
"1108","Mmp13","Lrp1","CellTalkDB"
"1109","Mmp2","Itgav","CellTalkDB"
"1110","Mmp2","Itgb1","CellTalkDB"
"1111","Mmp2","Itgb3","CellTalkDB"
"1112","Mmp2","Sdc2","CellTalkDB"
"1113","Mmp7","Cd44","CellTalkDB"
"1114","Mmp9","Cd44","CellTalkDB"
"1115","Mmp9","Ephb2","CellTalkDB"
"1116","Mmp9","Itgb2","CellTalkDB"
"1117","Mmp9","Lrp1","CellTalkDB"
"1118","Mmp9","Tlr4","CellTalkDB"
"1119","Mmp9","Tlr9","CellTalkDB"
"1120","Mst1","Mst1r","CellTalkDB"
"1121","Mstn","Acvr1b","CellChatDB, CellTalkDB"
"1122","Mstn","Acvr2a","CellChatDB, CellTalkDB"
"1123","Mstn","Acvr2b","CellChatDB, CellTalkDB"
"1124","Mstn","Tgfbr1","CellChatDB, CellTalkDB"
"1125","Nampt","Insr","CellChatDB"
"1126","Nampt","Itga5","CellChatDB"
"1127","Nampt","Itgb1","CellChatDB"
"1128","Ndp","Fzd4","GPCRDB"
"1129","Ngf","Ngfr","CellChatDB, CellTalkDB"
"1130","Ngf","Ntrk1","CellChatDB, CellTalkDB"
"1131","Ngf","Ntrk3","CellTalkDB"
"1132","Ngf","Sorcs2","CellTalkDB"
"1133","Ngf","Sorcs3","CellTalkDB"
"1134","Ngf","Sort1","CellTalkDB"
"1135","Ngf","Trpv1","CellTalkDB"
"1136","Nid2","Col13a1","CellTalkDB"
"1137","Nlgn1","Nrxn1","CellTalkDB"
"1138","Nlgn1","Nrxn2","CellTalkDB"
"1139","Nlgn1","Nrxn3","CellTalkDB"
"1140","Nmb","Brs3","CellTalkDB"
"1141","Nmb","Grpr","GPCRDB"
"1142","Nmb","Nmbr","CellChatDB, CellTalkDB, GPCRDB"
"1143","Nms","Nmur1","CellChatDB, CellTalkDB, GPCRDB"
"1144","Nms","Nmur2","CellChatDB, CellTalkDB, GPCRDB"
"1145","Nmu","Nmur1","CellChatDB, CellTalkDB, GPCRDB"
"1146","Nmu","Nmur2","CellChatDB, CellTalkDB"
"1147","Nodal","Acvr1b","CellChatDB, CellTalkDB"
"1148","Nodal","Acvr1c","CellChatDB, CellTalkDB"
"1149","Nodal","Acvr2a","CellChatDB, CellTalkDB"
"1150","Nodal","Acvr2b","CellChatDB, CellTalkDB"
"1151","Npb","Npbwr1","CellChatDB, CellTalkDB, GPCRDB"
"1152","Npff","Npffr1","CellChatDB, CellTalkDB, GPCRDB"
"1153","Npff","Npffr2","CellChatDB, CellTalkDB, GPCRDB"
"1154","Npnt","Itga8","CellTalkDB"
"1155","Npnt","Itgb1","CellTalkDB"
"1156","Nppa","Npr1","CellChatDB, CellTalkDB"
"1157","Nppa","Npr2","CellTalkDB"
"1158","Nppa","Npr3","CellTalkDB"
"1159","Nppb","Npr1","CellChatDB, CellTalkDB"
"1160","Nppb","Npr2","CellTalkDB"
"1161","Nppb","Npr3","CellTalkDB"
"1162","Nppc","Npr1","CellTalkDB"
"1163","Nppc","Npr2","CellChatDB, CellTalkDB"
"1164","Nppc","Npr3","CellTalkDB"
"1165","Nps","Npsr1","CellChatDB, CellTalkDB, GPCRDB"
"1166","Nptx1","Nptxr","CellTalkDB"
"1167","Nptx2","Nptxr","CellTalkDB"
"1168","Npvf","Npffr1","CellChatDB, CellTalkDB"
"1169","Npvf","Npffr2","CellChatDB, CellTalkDB"
"1170","Npy","Dpp4","CellTalkDB"
"1171","Npy","Fap","CellTalkDB"
"1172","Npy","Gpr83","CellChatDB"
"1173","Npy","Npy1r","CellChatDB, CellTalkDB, GPCRDB"
"1174","Npy","Npy2r","CellChatDB, CellTalkDB, GPCRDB"
"1175","Npy","Npy4r","CellChatDB, CellTalkDB, GPCRDB"
"1176","Npy","Npy5r","CellChatDB, CellTalkDB, GPCRDB"
"1177","Npy","Npy6r","CellChatDB, CellTalkDB"
"1178","Npy","Pgr15l","CellChatDB"
"1179","Npy","Prlhr","GPCRDB"
"1180","Nrg1","Egfr","CellTalkDB"
"1181","Nrg1","Erbb2","CellChatDB, CellTalkDB"
"1182","Nrg1","Erbb3","CellChatDB, CellTalkDB"
"1183","Nrg1","Erbb4","CellChatDB, CellTalkDB"
"1184","Nrg1","Itgav","CellChatDB"
"1185","Nrg1","Itgb3","CellChatDB"
"1186","Nrg2","Erbb2","CellChatDB"
"1187","Nrg2","Erbb3","CellChatDB, CellTalkDB"
"1188","Nrg2","Erbb4","CellChatDB, CellTalkDB"
"1189","Nrg3","Erbb2","CellChatDB"
"1190","Nrg3","Erbb3","CellTalkDB"
"1191","Nrg3","Erbb4","CellChatDB, CellTalkDB"
"1192","Nrg4","Erbb2","CellChatDB"
"1193","Nrg4","Erbb4","CellChatDB, CellTalkDB"
"1194","Nrtn","Gfra1","CellTalkDB"
"1195","Nrtn","Gfra2","CellChatDB, CellTalkDB"
"1196","Nrtn","Gfra3","CellTalkDB"
"1197","Nrtn","Ret","CellTalkDB"
"1198","Nrtn","Sdc3","CellTalkDB"
"1199","Ntf3","Ngfr","CellTalkDB"
"1200","Ntf3","Ntrk1","CellChatDB, CellTalkDB"
"1201","Ntf3","Ntrk2","CellChatDB, CellTalkDB"
"1202","Ntf3","Ntrk3","CellChatDB, CellTalkDB"
"1203","Ntf5","Ngfr","CellTalkDB"
"1204","Ntf5","Ntrk1","CellTalkDB"
"1205","Ntf5","Ntrk2","CellChatDB"
"1206","Ntn1","Adora2b","CellTalkDB"
"1207","Ntn1","Dcc","CellTalkDB"
"1208","Ntn1","Mcam","CellTalkDB"
"1209","Ntn1","Neo1","CellTalkDB"
"1210","Ntn1","Robo3","CellTalkDB"
"1211","Ntn1","Unc5a","CellTalkDB"
"1212","Ntn1","Unc5b","CellTalkDB"
"1213","Ntn1","Unc5c","CellTalkDB"
"1214","Ntn1","Unc5d","CellTalkDB"
"1215","Ntn3","Dcc","CellTalkDB"
"1216","Ntn3","Neo1","CellTalkDB"
"1217","Nts","Ngfr","CellTalkDB"
"1218","Nts","Ntsr1","CellChatDB, CellTalkDB, GPCRDB"
"1219","Nts","Ntsr2","CellChatDB, CellTalkDB, GPCRDB"
"1220","Nts","Sort1","CellTalkDB"
"1221","Nxph1","Nrxn1","CellTalkDB"
"1222","Nxph1","Nrxn2","CellTalkDB"
"1223","Nxph1","Nrxn3","CellTalkDB"
"1224","Nxph2","Nrxn1","CellTalkDB"
"1225","Nxph3","Nrxn1","CellTalkDB"
"1226","Nxph3","Nrxn2","CellTalkDB"
"1227","Nxph3","Nrxn3","CellTalkDB"
"1228","Osm","Egfr","CellTalkDB"
"1229","Osm","Il11ra1","CellTalkDB"
"1230","Osm","Il6st","CellChatDB, CellTalkDB"
"1231","Osm","Lifr","CellChatDB, CellTalkDB"
"1232","Osm","Osmr","CellChatDB, CellTalkDB"
"1233","Ostn","Npr3","CellChatDB, CellTalkDB"
"1234","Oxt","Avpr1a","GPCRDB"
"1235","Oxt","Avpr1b","GPCRDB"
"1236","Oxt","Avpr2","GPCRDB"
"1237","Oxt","Oxtr","GPCRDB"
"1238","Pcsk9","Aplp2","CellTalkDB"
"1239","Pcsk9","Ldlr","CellTalkDB"
"1240","Pcsk9","Lrp1","CellTalkDB"
"1241","Pcsk9","Lrp8","CellTalkDB"
"1242","Pcsk9","Sort1","CellTalkDB"
"1243","Pcsk9","Vldlr","CellTalkDB"
"1244","Pdgfa","Pdgfra","CellChatDB, CellTalkDB"
"1245","Pdgfa","Pdgfrb","CellChatDB, CellTalkDB"
"1246","Pdgfb","Lrp1","CellTalkDB"
"1247","Pdgfb","Pdgfra","CellChatDB, CellTalkDB"
"1248","Pdgfb","Pdgfrb","CellChatDB, CellTalkDB"
"1249","Pdgfc","Flt4","CellTalkDB"
"1250","Pdgfc","Pdgfra","CellChatDB, CellTalkDB"
"1251","Pdgfc","Pdgfrb","CellTalkDB"
"1252","Pdgfd","Pdgfra","CellTalkDB"
"1253","Pdgfd","Pdgfrb","CellChatDB, CellTalkDB"
"1254","Pdyn","Oprd1","CellChatDB"
"1255","Pdyn","Oprk1","CellChatDB, CellTalkDB"
"1256","Pdyn","Oprl1","CellChatDB"
"1257","Pdyn","Oprm1","CellChatDB"
"1258","Penk","Oprd1","CellChatDB, GPCRDB"
"1259","Penk","Oprk1","CellChatDB, GPCRDB"
"1260","Penk","Oprl1","CellChatDB"
"1261","Penk","Oprm1","CellChatDB, GPCRDB"
"1262","Pf4","Ccr1","CellTalkDB"
"1263","Pf4","Cxcr3","CellChatDB, CellTalkDB"
"1264","Pf4","Fgfr2","CellTalkDB"
"1265","Pf4","Lrp1","CellTalkDB"
"1266","Pf4","Procr","CellTalkDB"
"1267","Pf4","Thbd","CellTalkDB"
"1268","Pgf","Egfr","CellTalkDB"
"1269","Pgf","Flt1","CellTalkDB"
"1270","Pgf","Nrp1","CellTalkDB"
"1271","Pgf","Nrp2","CellTalkDB"
"1272","Pgf","Vegfr1","CellChatDB"
"1273","Pla2g10","Pla2r1","CellTalkDB"
"1274","Pla2g1b","Pla2r1","CellTalkDB"
"1275","Pla2g5","Pla2r1","CellTalkDB"
"1276","Plat","Itgam","CellTalkDB"
"1277","Plat","Lrp1","CellTalkDB"
"1278","Plau","Igf2r","CellTalkDB"
"1279","Plau","Itgb2","CellTalkDB"
"1280","Plau","Lrp1","CellTalkDB"
"1281","Plau","Lrp2","CellTalkDB"
"1282","Plau","Mrc2","CellTalkDB"
"1283","Plau","Plaur","CellTalkDB"
"1284","Plg","F2rl3","CellChatDB"
"1285","Plg","Igf2r","CellTalkDB"
"1286","Plg","Itgb2","CellTalkDB"
"1287","Plg","Lrp2","CellTalkDB"
"1288","Plg","Pard3","CellChatDB"
"1289","Plg","Plaur","CellTalkDB"
"1290","Plg","Plgrkt","CellTalkDB"
"1291","Pltp","Abca1","CellTalkDB"
"1292","Pmch","Mchr1","CellChatDB, CellTalkDB, GPCRDB"
"1293","Pmch","Mertk","CellChatDB"
"1294","Pnoc","Oprl1","CellTalkDB, GPCRDB"
"1295","Pomc","Mc1r","CellChatDB, CellTalkDB, GPCRDB"
"1296","Pomc","Mc2r","CellChatDB, CellTalkDB, GPCRDB"
"1297","Pomc","Mc3r","CellChatDB, CellTalkDB, GPCRDB"
"1298","Pomc","Mc4r","CellChatDB, CellTalkDB, GPCRDB"
"1299","Pomc","Mc5r","CellChatDB, CellTalkDB, GPCRDB"
"1300","Pomc","Oprd1","CellChatDB, CellTalkDB"
"1301","Pomc","Oprk1","CellChatDB"
"1302","Pomc","Oprl1","CellChatDB"
"1303","Pomc","Oprm1","CellChatDB, CellTalkDB"
"1304","Postn","Egfr","CellTalkDB"
"1305","Postn","Itga5","CellTalkDB"
"1306","Postn","Itgav","CellChatDB, CellTalkDB"
"1307","Postn","Itgb1","CellTalkDB"
"1308","Postn","Itgb3","CellChatDB, CellTalkDB"
"1309","Postn","Itgb5","CellChatDB"
"1310","Ppy","Gpr83","CellChatDB"
"1311","Ppy","Npy1r","CellChatDB"
"1312","Ppy","Npy2r","CellChatDB, CellTalkDB"
"1313","Ppy","Npy4r","CellChatDB"
"1314","Ppy","Npy5r","CellChatDB"
"1315","Ppy","Npy6r","CellChatDB"
"1316","Ppy","Pgr15l","CellChatDB"
"1317","Prg4","Cd44","CellTalkDB"
"1318","Prl","Prlr","CellChatDB, CellTalkDB"
"1319","Prl2a1","Prlr","CellTalkDB"
"1320","Prl2b1","Prlr","CellTalkDB"
"1321","Prl2c2","Prlr","CellTalkDB"
"1322","Prl2c3","Prlr","CellTalkDB"
"1323","Prl2c5","Prlr","CellTalkDB"
"1324","Prl3b1","Prlr","CellTalkDB"
"1325","Prl3c1","Prlr","CellTalkDB"
"1326","Prl3d1","Prlr","CellTalkDB"
"1327","Prl4a1","Prlr","CellTalkDB"
"1328","Prl5a1","Prlr","CellTalkDB"
"1329","Prl6a1","Prlr","CellTalkDB"
"1330","Prl7a1","Prlr","CellTalkDB"
"1331","Prl7a2","Prlr","CellTalkDB"
"1332","Prl7b1","Prlr","CellTalkDB"
"1333","Prl7c1","Prlr","CellTalkDB"
"1334","Prl7d1","Prlr","CellTalkDB"
"1335","Prl8a6","Prlr","CellTalkDB"
"1336","Prl8a8","Prlr","CellTalkDB"
"1337","Prl8a9","Prlr","CellTalkDB"
"1338","Proc","Procr","CellTalkDB"
"1339","Prok1","Prokr1","CellChatDB, CellTalkDB, GPCRDB"
"1340","Prok1","Prokr2","CellChatDB, CellTalkDB, GPCRDB"
"1341","Prok2","Prokr1","CellChatDB, CellTalkDB, GPCRDB"
"1342","Prok2","Prokr2","CellChatDB, CellTalkDB, GPCRDB"
"1343","Pros1","Axl","CellChatDB, CellTalkDB"
"1344","Pros1","Mertk","CellTalkDB"
"1345","Pros1","Tyro3","CellChatDB, CellTalkDB"
"1346","Prss2","F2r","CellChatDB"
"1347","Prss2","F2rl1","CellChatDB"
"1348","Prss2","F2rl2","CellChatDB"
"1349","Prss2","F2rl3","CellChatDB"
"1350","Prss2","Pard3","CellChatDB"
"1351","Psap","Gpr37","CellChatDB, CellTalkDB"
"1352","Psap","Gpr37l1","CellChatDB, CellTalkDB"
"1353","Psap","Lrp1","CellTalkDB"
"1354","Pspn","Gfra4","CellChatDB, CellTalkDB"
"1355","Pspn","Ret","CellTalkDB"
"1356","Pth","Pth1r","GPCRDB"
"1357","Pth2","Pth1r","CellChatDB"
"1358","Pth2","Pth2r","CellChatDB, CellTalkDB, GPCRDB"
"1359","Pth2","Ramp1","CellTalkDB"
"1360","Pthlh","Pth1r","CellChatDB, CellTalkDB"
"1361","Ptn","Alk","CellChatDB, CellTalkDB"
"1362","Ptn","Itgav","CellChatDB"
"1363","Ptn","Itgb3","CellChatDB"
"1364","Ptn","Ncl","CellChatDB"
"1365","Ptn","Nrp1","CellTalkDB"
"1366","Ptn","Ptprb","CellTalkDB"
"1367","Ptn","Ptprz1","CellChatDB, CellTalkDB"
"1368","Ptn","Sdc1","CellChatDB, CellTalkDB"
"1369","Ptn","Sdc2","CellChatDB, CellTalkDB"
"1370","Ptn","Sdc3","CellChatDB"
"1371","Ptn","Sdc4","CellChatDB, CellTalkDB"
"1372","Pyy","Dpp4","CellTalkDB"
"1373","Pyy","Gpr83","CellChatDB"
"1374","Pyy","Npy1r","CellChatDB, CellTalkDB, GPCRDB"
"1375","Pyy","Npy2r","CellChatDB"
"1376","Pyy","Npy4r","CellChatDB, GPCRDB"
"1377","Pyy","Npy5r","CellChatDB, CellTalkDB, GPCRDB"
"1378","Pyy","Npy6r","CellChatDB"
"1379","Pyy","Pgr15l","CellChatDB"
"1380","Qrfp","Qrfpr","CellChatDB, CellTalkDB, GPCRDB"
"1381","Rarres2","Ccrl2","CellTalkDB"
"1382","Rarres2","Cmklr1","CellChatDB"
"1383","Rarres2","Gpr1","CellChatDB"
"1384","Rbp3","Notch1","CellTalkDB"
"1385","Rbp4","Stra6","CellTalkDB"
"1386","Reln","Itga2b","CellTalkDB"
"1387","Reln","Itga3","CellTalkDB"
"1388","Reln","Itga5","CellTalkDB"
"1389","Reln","Itgb1","CellTalkDB"
"1390","Reln","Itgb3","CellTalkDB"
"1391","Reln","Lrp8","CellTalkDB"
"1392","Reln","Notch1","CellTalkDB"
"1393","Reln","Vldlr","CellTalkDB"
"1394","Retn","Cap1","CellChatDB"
"1395","Retn","Tlr4","CellChatDB, CellTalkDB"
"1396","Rln1","Rxfp1","CellChatDB"
"1397","Rln1","Rxfp2","CellChatDB"
"1398","Rln1","Rxfp3","CellChatDB"
"1399","Rln1","Rxfp4","CellChatDB"
"1400","Rln3","Rxfp1","CellChatDB, CellTalkDB"
"1401","Rln3","Rxfp2","CellChatDB, CellTalkDB"
"1402","Rln3","Rxfp3","CellChatDB, CellTalkDB"
"1403","Rln3","Rxfp4","CellChatDB, CellTalkDB"
"1404","Rspo1","Lgr4","CellTalkDB"
"1405","Rspo1","Lgr5","CellTalkDB"
"1406","Rspo1","Lgr6","CellTalkDB"
"1407","Rspo1","Lrp6","CellTalkDB"
"1408","Rspo1","Znrf3","CellTalkDB"
"1409","Rspo2","Lgr4","CellTalkDB"
"1410","Rspo2","Lgr5","CellTalkDB"
"1411","Rspo2","Lgr6","CellTalkDB"
"1412","Rspo2","Znrf3","CellTalkDB"
"1413","Rspo3","Fzd8","CellTalkDB"
"1414","Rspo3","Lgr4","CellTalkDB"
"1415","Rspo3","Lgr5","CellTalkDB"
"1416","Rspo3","Lgr6","CellTalkDB"
"1417","Rspo3","Lrp6","CellTalkDB"
"1418","Rspo3","Sdc4","CellTalkDB"
"1419","Rspo4","Lgr4","CellTalkDB"
"1420","Rspo4","Lgr5","CellTalkDB"
"1421","Rspo4","Lgr6","CellTalkDB"
"1422","S100a4","Egfr","CellTalkDB"
"1423","S100a4","Erbb2","CellTalkDB"
"1424","S100a8","Ly96","CellTalkDB"
"1425","S100a8","Tlr4","CellTalkDB"
"1426","S100a9","Ager","CellTalkDB"
"1427","S100a9","Tlr4","CellTalkDB"
"1428","S100b","Alcam","CellTalkDB"
"1429","S100b","Fgfr1","CellTalkDB"
"1430","Saa2","Fpr2","CellChatDB"
"1431","Scgb1a1","Lrp2","CellTalkDB"
"1432","Scgb3a2","Marco","CellChatDB"
"1433","Sct","Sctr","CellChatDB, CellTalkDB"
"1434","Sct","Vipr2","CellTalkDB"
"1435","Selenop","Lrp2","CellTalkDB"
"1436","Selenop","Lrp8","CellTalkDB"
"1437","Sema3a","Nrp1","CellChatDB, CellTalkDB"
"1438","Sema3a","Nrp2","CellTalkDB"
"1439","Sema3a","Plxna1","CellChatDB, CellTalkDB"
"1440","Sema3a","Plxna2","CellChatDB, CellTalkDB"
"1441","Sema3a","Plxna3","CellChatDB"
"1442","Sema3a","Plxna4","CellChatDB, CellTalkDB"
"1443","Sema3b","Nrp1","CellChatDB, CellTalkDB"
"1444","Sema3b","Nrp2","CellChatDB, CellTalkDB"
"1445","Sema3b","Plxna1","CellChatDB, CellTalkDB"
"1446","Sema3b","Plxna2","CellChatDB"
"1447","Sema3b","Plxna3","CellChatDB"
"1448","Sema3b","Plxna4","CellChatDB"
"1449","Sema3c","Nrp1","CellChatDB, CellTalkDB"
"1450","Sema3c","Nrp2","CellChatDB, CellTalkDB"
"1451","Sema3c","Plxna1","CellChatDB"
"1452","Sema3c","Plxna2","CellChatDB"
"1453","Sema3c","Plxna3","CellChatDB"
"1454","Sema3c","Plxna4","CellChatDB, CellTalkDB"
"1455","Sema3c","Plxnb1","CellTalkDB"
"1456","Sema3c","Plxnd1","CellChatDB, CellTalkDB"
"1457","Sema3d","Nrp1","CellChatDB, CellTalkDB"
"1458","Sema3d","Nrp2","CellChatDB"
"1459","Sema3d","Plxna1","CellChatDB"
"1460","Sema3d","Plxna2","CellChatDB"
"1461","Sema3d","Plxna3","CellChatDB"
"1462","Sema3d","Plxna4","CellChatDB"
"1463","Sema3e","Nrp1","CellTalkDB"
"1464","Sema3e","Plxna1","CellTalkDB"
"1465","Sema3e","Plxnd1","CellChatDB, CellTalkDB"
"1466","Sema3f","Nrp1","CellTalkDB"
"1467","Sema3f","Nrp2","CellChatDB, CellTalkDB"
"1468","Sema3f","Plxna1","CellChatDB"
"1469","Sema3f","Plxna2","CellChatDB"
"1470","Sema3f","Plxna3","CellChatDB, CellTalkDB"
"1471","Sema3f","Plxna4","CellChatDB"
"1472","Sema3g","Nrp2","CellChatDB, CellTalkDB"
"1473","Sema3g","Plxna1","CellChatDB"
"1474","Sema3g","Plxna2","CellChatDB"
"1475","Sema3g","Plxna3","CellChatDB"
"1476","Sema3g","Plxna4","CellChatDB, CellTalkDB"
"1477","Serpine1","Lrp1","CellTalkDB"
"1478","Serpine1","Lrp1b","CellTalkDB"
"1479","Serpine1","Lrp2","CellTalkDB"
"1480","Serpine1","Plaur","CellTalkDB"
"1481","Serpine1","Vldlr","CellTalkDB"
"1482","Serpine2","Plaur","CellTalkDB"
"1483","Sfrp1","Fzd2","CellTalkDB"
"1484","Sfrp2","Fzd5","CellTalkDB"
"1485","Sftpa1","Sirpa","CellTalkDB"
"1486","Sftpd","Ly96","CellTalkDB"
"1487","Sftpd","Sirpa","CellTalkDB"
"1488","Sftpd","Tlr4","CellTalkDB"
"1489","Shbg","Gprc6a","CellTalkDB"
"1490","Slit1","Flrt3","CellTalkDB"
"1491","Slit1","Gpc1","CellTalkDB"
"1492","Slit1","Plxna1","CellTalkDB"
"1493","Slit1","Robo1","CellTalkDB"
"1494","Slit1","Robo2","CellTalkDB"
"1495","Slit2","Plxna1","CellTalkDB"
"1496","Slit2","Robo1","CellTalkDB"
"1497","Slit2","Robo2","CellTalkDB"
"1498","Slit2","Robo3","CellTalkDB"
"1499","Slit2","Robo4","CellTalkDB"
"1500","Slit3","Plxna1","CellTalkDB"
"1501","Slit3","Robo1","CellTalkDB"
"1502","Slit3","Robo2","CellTalkDB"
"1503","Slit3","Robo3","CellTalkDB"
"1504","Slpi","Plscr4","CellTalkDB"
"1505","Slurp1","Chrna1","CellChatDB"
"1506","Slurp1","Chrna10","CellChatDB"
"1507","Slurp1","Chrna2","CellChatDB"
"1508","Slurp1","Chrna3","CellChatDB"
"1509","Slurp1","Chrna4","CellChatDB"
"1510","Slurp1","Chrna5","CellChatDB"
"1511","Slurp1","Chrna6","CellChatDB"
"1512","Slurp1","Chrna7","CellChatDB, CellTalkDB"
"1513","Slurp1","Chrna9","CellChatDB"
"1514","Slurp1","Chrnb1","CellChatDB"
"1515","Slurp1","Chrnb2","CellChatDB"
"1516","Slurp1","Chrnb3","CellChatDB"
"1517","Slurp1","Chrnb4","CellChatDB"
"1518","Slurp1","Chrnd","CellChatDB"
"1519","Slurp1","Chrne","CellChatDB"
"1520","Slurp1","Chrng","CellChatDB"
"1521","Slurp2","Chrna1","CellChatDB"
"1522","Slurp2","Chrna10","CellChatDB"
"1523","Slurp2","Chrna2","CellChatDB"
"1524","Slurp2","Chrna3","CellChatDB"
"1525","Slurp2","Chrna4","CellChatDB"
"1526","Slurp2","Chrna5","CellChatDB"
"1527","Slurp2","Chrna6","CellChatDB"
"1528","Slurp2","Chrna7","CellChatDB"
"1529","Slurp2","Chrna9","CellChatDB"
"1530","Slurp2","Chrnb1","CellChatDB"
"1531","Slurp2","Chrnb2","CellChatDB"
"1532","Slurp2","Chrnb3","CellChatDB"
"1533","Slurp2","Chrnb4","CellChatDB"
"1534","Slurp2","Chrnd","CellChatDB"
"1535","Slurp2","Chrne","CellChatDB"
"1536","Slurp2","Chrng","CellChatDB"
"1537","Sost","Lrp5","CellTalkDB"
"1538","Sost","Lrp6","CellTalkDB"
"1539","Sostdc1","Lrp6","CellTalkDB"
"1540","Spink1","Egfr","CellTalkDB"
"1541","Spint1","St14","CellTalkDB"
"1542","Spon1","Lrp8","CellTalkDB"
"1543","Spon2","Itgb2","CellTalkDB"
"1544","Spp1","Cd44","CellChatDB, CellTalkDB"
"1545","Spp1","Itga4","CellChatDB, CellTalkDB"
"1546","Spp1","Itga5","CellChatDB"
"1547","Spp1","Itga8","CellChatDB, CellTalkDB"
"1548","Spp1","Itga9","CellChatDB, CellTalkDB"
"1549","Spp1","Itgav","CellChatDB, CellTalkDB"
"1550","Spp1","Itgb1","CellChatDB, CellTalkDB"
"1551","Spp1","Itgb3","CellChatDB, CellTalkDB"
"1552","Spp1","Itgb5","CellChatDB, CellTalkDB"
"1553","Spp1","Itgb6","CellChatDB"
"1554","Srpx2","Plaur","CellTalkDB"
"1555","Sst","Sstr1","CellChatDB, CellTalkDB, GPCRDB"
"1556","Sst","Sstr2","CellChatDB, CellTalkDB, GPCRDB"
"1557","Sst","Sstr3","CellChatDB, CellTalkDB, GPCRDB"
"1558","Sst","Sstr4","CellChatDB, CellTalkDB, GPCRDB"
"1559","Sst","Sstr5","CellChatDB, CellTalkDB, GPCRDB"
"1560","St6gal1","Cd22","CellTalkDB"
"1561","Tac1","Grpr","CellTalkDB"
"1562","Tac1","Tacr1","CellChatDB, CellTalkDB, GPCRDB"
"1563","Tac1","Tacr2","CellChatDB, CellTalkDB, GPCRDB"
"1564","Tac1","Tacr3","CellTalkDB, GPCRDB"
"1565","Tac2","Tacr1","CellTalkDB, GPCRDB"
"1566","Tac2","Tacr2","CellTalkDB, GPCRDB"
"1567","Tac2","Tacr3","CellChatDB, CellTalkDB, GPCRDB"
"1568","Tac4","Tacr1","CellChatDB, CellTalkDB"
"1569","Tac4","Tacr3","GPCRDB"
"1570","Tcn2","Lrp2","CellTalkDB"
"1571","Tctn1","Tmem67","CellTalkDB"
"1572","Tdgf1","Acvr1b","CellTalkDB"
"1573","Tdgf1","Acvr1c","CellTalkDB"
"1574","Tdgf1","Acvr2a","CellTalkDB"
"1575","Tdgf1","Acvr2b","CellTalkDB"
"1576","Tdgf1","Fzd7","CellTalkDB"
"1577","Tdgf1","Gpc1","CellTalkDB"
"1578","Tdgf1","Lrp5","CellTalkDB"
"1579","Tdgf1","Lrp6","CellTalkDB"
"1580","Tdgf1","Tgfbr1","CellTalkDB"
"1581","Tff2","Muc6","CellTalkDB"
"1582","Tfpi","F3","CellTalkDB"
"1583","Tg","Lrp2","CellTalkDB"
"1584","Tgfa","Egfr","CellChatDB, CellTalkDB"
"1585","Tgfa","Erbb2","CellChatDB, CellTalkDB"
"1586","Tgfa","Erbb3","CellTalkDB"
"1587","Tgfa","Erbb4","CellTalkDB"
"1588","Tgfb1","Acvr1","CellChatDB"
"1589","Tgfb1","Acvr1b","CellChatDB"
"1590","Tgfb1","Acvr1c","CellChatDB"
"1591","Tgfb1","Acvrl1","CellTalkDB"
"1592","Tgfb1","Eng","CellTalkDB"
"1593","Tgfb1","Itgb1","CellTalkDB"
"1594","Tgfb1","Itgb8","CellTalkDB"
"1595","Tgfb1","Sdc2","CellTalkDB"
"1596","Tgfb1","Tgfbr1","CellChatDB, CellTalkDB"
"1597","Tgfb1","Tgfbr2","CellChatDB, CellTalkDB"
"1598","Tgfb1","Tgfbr3","CellTalkDB"
"1599","Tgfb2","Acvr1","CellChatDB"
"1600","Tgfb2","Acvr1b","CellChatDB"
"1601","Tgfb2","Acvr1c","CellChatDB"
"1602","Tgfb2","Tgfbr1","CellChatDB, CellTalkDB"
"1603","Tgfb2","Tgfbr2","CellChatDB, CellTalkDB"
"1604","Tgfb2","Tgfbr3","CellTalkDB"
"1605","Tgfb3","Acvr1","CellChatDB, CellTalkDB"
"1606","Tgfb3","Acvr1b","CellChatDB"
"1607","Tgfb3","Acvr1c","CellChatDB"
"1608","Tgfb3","Eng","CellTalkDB"
"1609","Tgfb3","Tgfbr1","CellChatDB, CellTalkDB"
"1610","Tgfb3","Tgfbr2","CellChatDB, CellTalkDB"
"1611","Tgfb3","Tgfbr3","CellTalkDB"
"1612","Tgm2","Sdc4","CellTalkDB"
"1613","Thbs1","Cd36","CellTalkDB"
"1614","Thbs1","Cd47","CellTalkDB"
"1615","Thbs1","Itga1","CellTalkDB"
"1616","Thbs1","Itga2","CellTalkDB"
"1617","Thbs1","Itga3","CellTalkDB"
"1618","Thbs1","Itga5","CellTalkDB"
"1619","Thbs1","Itgav","CellTalkDB"
"1620","Thbs1","Itgb1","CellTalkDB"
"1621","Thbs1","Itgb3","CellTalkDB"
"1622","Thbs1","Itgb6","CellTalkDB"
"1623","Thbs1","Itgb8","CellTalkDB"
"1624","Thbs1","Lrp1","CellTalkDB"
"1625","Thbs1","Ptprj","CellTalkDB"
"1626","Thbs1","Scarb2","CellTalkDB"
"1627","Thbs1","Sdc1","CellTalkDB"
"1628","Thbs1","Vldlr","CellTalkDB"
"1629","Thbs4","Notch1","CellTalkDB"
"1630","Thpo","Mpl","CellChatDB, CellTalkDB"
"1631","Timp1","Cd63","CellTalkDB"
"1632","Timp1","Itgb1","CellTalkDB"
"1633","Timp1","Lrp1","CellTalkDB"
"1634","Tnc","Egfr","CellTalkDB"
"1635","Tnc","Itga2","CellTalkDB"
"1636","Tnc","Itga7","CellTalkDB"
"1637","Tnc","Itga8","CellTalkDB"
"1638","Tnc","Itga9","CellTalkDB"
"1639","Tnc","Itgav","CellTalkDB"
"1640","Tnc","Itgb1","CellTalkDB"
"1641","Tnc","Itgb3","CellTalkDB"
"1642","Tnc","Itgb6","CellTalkDB"
"1643","Tnc","Sdc4","CellTalkDB"
"1644","Tnc","Tlr4","CellTalkDB"
"1645","Tnf","Cd40","CellTalkDB"
"1646","Tnf","Rhbdf2","CellTalkDB"
"1647","Tnf","Tnfrsf1a","CellChatDB, CellTalkDB"
"1648","Tnf","Tnfrsf1b","CellChatDB, CellTalkDB"
"1649","Tnfsf10","Tnfrsf10b","CellChatDB, CellTalkDB"
"1650","Tnfsf10","Tnfrsf11b","CellTalkDB"
"1651","Tnfsf11","Itga2b","CellTalkDB"
"1652","Tnfsf11","Lgr4","CellTalkDB"
"1653","Tnfsf11","Tnfrsf11a","CellChatDB, CellTalkDB"
"1654","Tnfsf11","Tnfrsf11b","CellChatDB, CellTalkDB"
"1655","Tnfsf12","Egfr","CellTalkDB"
"1656","Tnfsf12","Tnfrsf12a","CellChatDB, CellTalkDB"
"1657","Tnfsf12","Tnfrsf25","CellTalkDB"
"1658","Tnfsf13","Tnfrsf13b","CellChatDB, CellTalkDB"
"1659","Tnfsf13","Tnfrsf17","CellChatDB, CellTalkDB"
"1660","Tnfsf13b","Tnfrsf13b","CellChatDB, CellTalkDB"
"1661","Tnfsf13b","Tnfrsf13c","CellChatDB, CellTalkDB"
"1662","Tnfsf13b","Tnfrsf17","CellChatDB, CellTalkDB"
"1663","Tnfsf14","Fas","CellTalkDB"
"1664","Tnfsf14","Ltbr","CellChatDB, CellTalkDB"
"1665","Tnfsf14","Tnfrsf14","CellChatDB, CellTalkDB"
"1666","Trf","Tfr2","CellTalkDB"
"1667","Trf","Tfrc","CellTalkDB"
"1668","Trh","Trhr","CellChatDB, CellTalkDB, GPCRDB"
"1669","Trh","Trhr2","CellChatDB"
"1670","Try4","F2r","CellChatDB"
"1671","Try4","F2rl1","CellChatDB"
"1672","Try4","F2rl2","CellChatDB"
"1673","Try4","F2rl3","CellChatDB"
"1674","Try4","Pard3","CellChatDB"
"1675","Tshb","Tshr","CellChatDB"
"1676","Tslp","Crlf2","CellChatDB, CellTalkDB"
"1677","Tslp","Il7r","CellChatDB, CellTalkDB"
"1678","Ucn","Crhr1","CellChatDB, CellTalkDB"
"1679","Ucn","Crhr2","CellChatDB, CellTalkDB, GPCRDB"
"1680","Ucn2","Crhr1","CellChatDB, CellTalkDB"
"1681","Ucn2","Crhr2","CellChatDB, CellTalkDB, GPCRDB"
"1682","Ucn2","Il10rb","CellTalkDB"
"1683","Ucn3","Crhr1","CellChatDB, CellTalkDB"
"1684","Ucn3","Crhr2","CellChatDB, CellTalkDB, GPCRDB"
"1685","Ucn3","Il10rb","CellTalkDB"
"1686","Uts2","Uts2r","CellChatDB, CellTalkDB"
"1687","Uts2b","Sstr5","CellChatDB, CellTalkDB"
"1688","Uts2b","Uts2r","CellChatDB, CellTalkDB, GPCRDB"
"1689","Vcam1","Itga4","CellTalkDB"
"1690","Vcam1","Itga9","CellTalkDB"
"1691","Vcam1","Itgb1","CellTalkDB"
"1692","Vcam1","Itgb2","CellTalkDB"
"1693","Vcam1","Itgb7","CellTalkDB"
"1694","Vcan","Cd44","CellTalkDB"
"1695","Vcan","Egfr","CellTalkDB"
"1696","Vcan","Selp","CellTalkDB"
"1697","Vcan","Tlr2","CellTalkDB"
"1698","Vegfa","Axl","CellTalkDB"
"1699","Vegfa","Flt1","CellTalkDB"
"1700","Vegfa","Gpc1","CellTalkDB"
"1701","Vegfa","Itgav","CellTalkDB"
"1702","Vegfa","Itgb3","CellTalkDB"
"1703","Vegfa","Kdr","CellTalkDB"
"1704","Vegfa","Npr1","CellTalkDB"
"1705","Vegfa","Nrp1","CellTalkDB"
"1706","Vegfa","Nrp2","CellTalkDB"
"1707","Vegfa","Ptprb","CellTalkDB"
"1708","Vegfa","Ptprz1","CellTalkDB"
"1709","Vegfa","Sdc2","CellTalkDB"
"1710","Vegfa","Vegfr1","CellChatDB"
"1711","Vegfa","Vegfr1r2","CellChatDB"
"1712","Vegfa","Vegfr2","CellChatDB"
"1713","Vegfb","Flt1","CellTalkDB"
"1714","Vegfb","Nrp1","CellTalkDB"
"1715","Vegfb","Vegfr1","CellChatDB"
"1716","Vegfc","Ccbe1","CellTalkDB"
"1717","Vegfc","Flt4","CellTalkDB"
"1718","Vegfc","Itga9","CellTalkDB"
"1719","Vegfc","Itgb1","CellTalkDB"
"1720","Vegfc","Kdr","CellTalkDB"
"1721","Vegfc","Nrp2","CellTalkDB"
"1722","Vegfc","Vegfr2","CellChatDB"
"1723","Vegfc","Vegfr2r3","CellChatDB"
"1724","Vegfc","Vegfr3","CellChatDB"
"1725","Vegfd","Fgfr2","CellTalkDB"
"1726","Vegfd","Flt4","CellTalkDB"
"1727","Vegfd","Itga9","CellTalkDB"
"1728","Vegfd","Kdr","CellTalkDB"
"1729","Vegfd","Nrp2","CellTalkDB"
"1730","Vegfd","Vegfr2","CellChatDB"
"1731","Vegfd","Vegfr2r3","CellChatDB"
"1732","Vegfd","Vegfr3","CellChatDB"
"1733","Vip","Adcyap1r1","CellTalkDB"
"1734","Vip","Dpp4","CellTalkDB"
"1735","Vip","Npr3","CellTalkDB"
"1736","Vip","Ramp1","CellTalkDB"
"1737","Vip","Ramp2","CellTalkDB"
"1738","Vip","Ramp3","CellTalkDB"
"1739","Vip","Vipr1","CellChatDB, CellTalkDB"
"1740","Vip","Vipr2","CellChatDB, CellTalkDB"
"1741","Vtn","Itga8","CellTalkDB"
"1742","Vtn","Itgav","CellTalkDB"
"1743","Vtn","Itgb5","CellTalkDB"
"1744","Vtn","Plaur","CellTalkDB"
"1745","Vwf","Gp1ba","CellTalkDB"
"1746","Vwf","Gp1bb","CellTalkDB"
"1747","Vwf","Gp5","CellTalkDB"
"1748","Vwf","Gp9","CellTalkDB"
"1749","Vwf","Itga2","CellTalkDB"
"1750","Vwf","Itga2b","CellTalkDB"
"1751","Vwf","Itga4","CellTalkDB"
"1752","Vwf","Itgav","CellTalkDB"
"1753","Vwf","Itgb3","CellTalkDB"
"1754","Vwf","Lrp1","CellTalkDB"
"1755","Vwf","Stab2","CellTalkDB"
"1756","Vwf","Tnfrsf11b","CellTalkDB"
"1757","Wnt1","Fzd1","CellChatDB, CellTalkDB"
"1758","Wnt1","Fzd10","CellChatDB, CellTalkDB"
"1759","Wnt1","Fzd2","CellChatDB"
"1760","Wnt1","Fzd3","CellChatDB"
"1761","Wnt1","Fzd4","CellChatDB"
"1762","Wnt1","Fzd5","CellChatDB, CellTalkDB"
"1763","Wnt1","Fzd6","CellChatDB, CellTalkDB"
"1764","Wnt1","Fzd7","CellChatDB, CellTalkDB"
"1765","Wnt1","Fzd8","CellChatDB, CellTalkDB"
"1766","Wnt1","Fzd9","CellChatDB, CellTalkDB"
"1767","Wnt1","Lrp5","CellChatDB, CellTalkDB"
"1768","Wnt1","Lrp6","CellChatDB, CellTalkDB"
"1769","Wnt10a","Fzd1","CellChatDB"
"1770","Wnt10a","Fzd10","CellChatDB, CellTalkDB"
"1771","Wnt10a","Fzd2","CellChatDB"
"1772","Wnt10a","Fzd3","CellChatDB"
"1773","Wnt10a","Fzd4","CellChatDB"
"1774","Wnt10a","Fzd5","CellChatDB"
"1775","Wnt10a","Fzd6","CellChatDB"
"1776","Wnt10a","Fzd7","CellChatDB"
"1777","Wnt10a","Fzd8","CellChatDB"
"1778","Wnt10a","Fzd9","CellChatDB"
"1779","Wnt10a","Lrp5","CellChatDB"
"1780","Wnt10a","Lrp6","CellChatDB"
"1781","Wnt10b","Fzd1","CellChatDB"
"1782","Wnt10b","Fzd10","CellChatDB"
"1783","Wnt10b","Fzd2","CellChatDB"
"1784","Wnt10b","Fzd3","CellChatDB"
"1785","Wnt10b","Fzd4","CellChatDB, CellTalkDB"
"1786","Wnt10b","Fzd5","CellChatDB, CellTalkDB"
"1787","Wnt10b","Fzd6","CellChatDB, CellTalkDB"
"1788","Wnt10b","Fzd7","CellChatDB, CellTalkDB"
"1789","Wnt10b","Fzd8","CellChatDB, CellTalkDB"
"1790","Wnt10b","Fzd9","CellChatDB"
"1791","Wnt10b","Lrp5","CellChatDB"
"1792","Wnt10b","Lrp6","CellChatDB, CellTalkDB"
"1793","Wnt11","Fzd1","CellChatDB"
"1794","Wnt11","Fzd10","CellChatDB"
"1795","Wnt11","Fzd2","CellChatDB"
"1796","Wnt11","Fzd3","CellChatDB"
"1797","Wnt11","Fzd4","CellChatDB"
"1798","Wnt11","Fzd5","CellChatDB"
"1799","Wnt11","Fzd6","CellChatDB"
"1800","Wnt11","Fzd7","CellChatDB, CellTalkDB"
"1801","Wnt11","Fzd8","CellChatDB"
"1802","Wnt11","Fzd9","CellChatDB"
"1803","Wnt11","Musk","CellTalkDB"
"1804","Wnt11","Ryk","CellTalkDB"
"1805","Wnt16","Fzd1","CellChatDB"
"1806","Wnt16","Fzd10","CellChatDB"
"1807","Wnt16","Fzd2","CellChatDB"
"1808","Wnt16","Fzd3","CellChatDB"
"1809","Wnt16","Fzd4","CellChatDB"
"1810","Wnt16","Fzd5","CellChatDB"
"1811","Wnt16","Fzd6","CellChatDB"
"1812","Wnt16","Fzd7","CellChatDB"
"1813","Wnt16","Fzd8","CellChatDB"
"1814","Wnt16","Fzd9","CellChatDB"
"1815","Wnt16","Lrp5","CellChatDB"
"1816","Wnt16","Lrp6","CellChatDB"
"1817","Wnt2","Fzd1","CellChatDB, CellTalkDB"
"1818","Wnt2","Fzd10","CellChatDB"
"1819","Wnt2","Fzd2","CellChatDB, CellTalkDB"
"1820","Wnt2","Fzd3","CellChatDB, CellTalkDB"
"1821","Wnt2","Fzd4","CellChatDB, CellTalkDB"
"1822","Wnt2","Fzd5","CellChatDB, CellTalkDB"
"1823","Wnt2","Fzd6","CellChatDB"
"1824","Wnt2","Fzd7","CellChatDB, CellTalkDB"
"1825","Wnt2","Fzd8","CellChatDB, CellTalkDB"
"1826","Wnt2","Fzd9","CellChatDB, CellTalkDB"
"1827","Wnt2","Lrp5","CellChatDB, CellTalkDB"
"1828","Wnt2","Lrp6","CellChatDB"
"1829","Wnt2b","Fzd1","CellChatDB"
"1830","Wnt2b","Fzd10","CellChatDB"
"1831","Wnt2b","Fzd2","CellChatDB"
"1832","Wnt2b","Fzd3","CellChatDB"
"1833","Wnt2b","Fzd4","CellChatDB, CellTalkDB"
"1834","Wnt2b","Fzd5","CellChatDB"
"1835","Wnt2b","Fzd6","CellChatDB"
"1836","Wnt2b","Fzd7","CellChatDB"
"1837","Wnt2b","Fzd8","CellChatDB"
"1838","Wnt2b","Fzd9","CellChatDB"
"1839","Wnt2b","Lrp5","CellChatDB"
"1840","Wnt2b","Lrp6","CellChatDB"
"1841","Wnt3","Egfr","CellTalkDB"
"1842","Wnt3","Fzd1","CellChatDB, CellTalkDB"
"1843","Wnt3","Fzd10","CellChatDB"
"1844","Wnt3","Fzd2","CellChatDB, CellTalkDB"
"1845","Wnt3","Fzd3","CellChatDB, CellTalkDB"
"1846","Wnt3","Fzd4","CellChatDB"
"1847","Wnt3","Fzd5","CellChatDB, CellTalkDB"
"1848","Wnt3","Fzd6","CellChatDB, CellTalkDB"
"1849","Wnt3","Fzd7","CellChatDB, CellTalkDB"
"1850","Wnt3","Fzd8","CellChatDB, CellTalkDB"
"1851","Wnt3","Fzd9","CellChatDB"
"1852","Wnt3","Lrp5","CellChatDB, CellTalkDB"
"1853","Wnt3","Lrp6","CellChatDB, CellTalkDB"
"1854","Wnt3","Ror1","CellTalkDB"
"1855","Wnt3","Ror2","CellTalkDB"
"1856","Wnt3a","Apcdd1","CellTalkDB"
"1857","Wnt3a","Fzd1","CellChatDB, CellTalkDB"
"1858","Wnt3a","Fzd10","CellChatDB"
"1859","Wnt3a","Fzd2","CellChatDB, CellTalkDB"
"1860","Wnt3a","Fzd3","CellChatDB, CellTalkDB"
"1861","Wnt3a","Fzd4","CellChatDB, CellTalkDB"
"1862","Wnt3a","Fzd5","CellChatDB, CellTalkDB"
"1863","Wnt3a","Fzd6","CellChatDB, CellTalkDB"
"1864","Wnt3a","Fzd7","CellChatDB, CellTalkDB"
"1865","Wnt3a","Fzd8","CellChatDB, CellTalkDB"
"1866","Wnt3a","Fzd9","CellChatDB"
"1867","Wnt3a","Igf1r","CellTalkDB"
"1868","Wnt3a","Lrp5","CellChatDB, CellTalkDB"
"1869","Wnt3a","Lrp6","CellChatDB, CellTalkDB"
"1870","Wnt3a","Ptk7","CellTalkDB"
"1871","Wnt4","Fzd1","CellChatDB, CellTalkDB"
"1872","Wnt4","Fzd10","CellChatDB, CellTalkDB"
"1873","Wnt4","Fzd2","CellChatDB, CellTalkDB"
"1874","Wnt4","Fzd3","CellChatDB"
"1875","Wnt4","Fzd4","CellChatDB, CellTalkDB"
"1876","Wnt4","Fzd5","CellChatDB, CellTalkDB"
"1877","Wnt4","Fzd6","CellChatDB, CellTalkDB"
"1878","Wnt4","Fzd7","CellChatDB, CellTalkDB"
"1879","Wnt4","Fzd8","CellChatDB, CellTalkDB"
"1880","Wnt4","Fzd9","CellChatDB"
"1881","Wnt4","Lrp5","CellChatDB"
"1882","Wnt4","Lrp6","CellChatDB, CellTalkDB"
"1883","Wnt4","Musk","CellTalkDB"
"1884","Wnt5a","Fzd1","CellChatDB, CellTalkDB"
"1885","Wnt5a","Fzd10","CellChatDB"
"1886","Wnt5a","Fzd2","CellChatDB, CellTalkDB"
"1887","Wnt5a","Fzd3","CellChatDB, CellTalkDB"
"1888","Wnt5a","Fzd4","CellChatDB, CellTalkDB"
"1889","Wnt5a","Fzd5","CellChatDB, CellTalkDB"
"1890","Wnt5a","Fzd6","CellChatDB, CellTalkDB"
"1891","Wnt5a","Fzd7","CellChatDB, CellTalkDB"
"1892","Wnt5a","Fzd8","CellChatDB, CellTalkDB"
"1893","Wnt5a","Fzd9","CellChatDB, CellTalkDB"
"1894","Wnt5a","Lrp5","CellTalkDB"
"1895","Wnt5a","Lrp6","CellTalkDB"
"1896","Wnt5a","Mcam","CellChatDB"
"1897","Wnt5a","Notch1","CellTalkDB"
"1898","Wnt5a","Ror1","CellTalkDB"
"1899","Wnt5a","Ror2","CellTalkDB"
"1900","Wnt5a","Ryk","CellTalkDB"
"1901","Wnt5b","Fzd1","CellChatDB"
"1902","Wnt5b","Fzd10","CellChatDB"
"1903","Wnt5b","Fzd2","CellChatDB"
"1904","Wnt5b","Fzd3","CellChatDB"
"1905","Wnt5b","Fzd4","CellChatDB"
"1906","Wnt5b","Fzd5","CellChatDB"
"1907","Wnt5b","Fzd6","CellChatDB"
"1908","Wnt5b","Fzd7","CellChatDB"
"1909","Wnt5b","Fzd8","CellChatDB"
"1910","Wnt5b","Fzd9","CellChatDB"
"1911","Wnt5b","Lrp6","CellTalkDB"
"1912","Wnt6","Fzd1","CellChatDB"
"1913","Wnt6","Fzd10","CellChatDB"
"1914","Wnt6","Fzd2","CellChatDB"
"1915","Wnt6","Fzd3","CellChatDB"
"1916","Wnt6","Fzd4","CellChatDB"
"1917","Wnt6","Fzd5","CellChatDB"
"1918","Wnt6","Fzd6","CellChatDB"
"1919","Wnt6","Fzd7","CellChatDB"
"1920","Wnt6","Fzd8","CellChatDB"
"1921","Wnt6","Fzd9","CellChatDB"
"1922","Wnt6","Lrp5","CellChatDB"
"1923","Wnt6","Lrp6","CellChatDB"
"1924","Wnt7a","Adgra2","CellTalkDB"
"1925","Wnt7a","Celsr3","CellTalkDB"
"1926","Wnt7a","Fzd1","CellChatDB, CellTalkDB"
"1927","Wnt7a","Fzd10","CellChatDB"
"1928","Wnt7a","Fzd2","CellChatDB"
"1929","Wnt7a","Fzd3","CellChatDB, CellTalkDB"
"1930","Wnt7a","Fzd4","CellChatDB, CellTalkDB"
"1931","Wnt7a","Fzd5","CellChatDB, CellTalkDB"
"1932","Wnt7a","Fzd6","CellChatDB"
"1933","Wnt7a","Fzd7","CellChatDB, CellTalkDB"
"1934","Wnt7a","Fzd8","CellChatDB"
"1935","Wnt7a","Fzd9","CellChatDB, CellTalkDB"
"1936","Wnt7a","Lrp4","CellTalkDB"
"1937","Wnt7a","Lrp5","CellChatDB, CellTalkDB"
"1938","Wnt7a","Lrp6","CellChatDB, CellTalkDB"
"1939","Wnt7a","Reck","CellTalkDB"
"1940","Wnt7b","Adgra2","CellTalkDB"
"1941","Wnt7b","Celsr3","CellTalkDB"
"1942","Wnt7b","Fzd1","CellChatDB, CellTalkDB"
"1943","Wnt7b","Fzd10","CellChatDB, CellTalkDB"
"1944","Wnt7b","Fzd2","CellChatDB"
"1945","Wnt7b","Fzd3","CellChatDB, CellTalkDB"
"1946","Wnt7b","Fzd4","CellChatDB, CellTalkDB"
"1947","Wnt7b","Fzd5","CellChatDB"
"1948","Wnt7b","Fzd6","CellChatDB"
"1949","Wnt7b","Fzd7","CellChatDB, CellTalkDB"
"1950","Wnt7b","Fzd8","CellChatDB"
"1951","Wnt7b","Fzd9","CellChatDB"
"1952","Wnt7b","Lrp5","CellChatDB, CellTalkDB"
"1953","Wnt7b","Lrp6","CellChatDB"
"1954","Wnt8a","Fzd1","CellChatDB, CellTalkDB"
"1955","Wnt8a","Fzd10","CellChatDB"
"1956","Wnt8a","Fzd2","CellChatDB"
"1957","Wnt8a","Fzd3","CellChatDB"
"1958","Wnt8a","Fzd4","CellChatDB, CellTalkDB"
"1959","Wnt8a","Fzd5","CellChatDB, CellTalkDB"
"1960","Wnt8a","Fzd6","CellChatDB"
"1961","Wnt8a","Fzd7","CellChatDB, CellTalkDB"
"1962","Wnt8a","Fzd8","CellChatDB"
"1963","Wnt8a","Fzd9","CellChatDB"
"1964","Wnt8a","Lrp5","CellChatDB"
"1965","Wnt8a","Lrp6","CellChatDB, CellTalkDB"
"1966","Wnt8a","Ptk7","CellTalkDB"
"1967","Wnt8b","Fzd1","CellChatDB"
"1968","Wnt8b","Fzd10","CellChatDB, CellTalkDB"
"1969","Wnt8b","Fzd2","CellChatDB"
"1970","Wnt8b","Fzd3","CellChatDB"
"1971","Wnt8b","Fzd4","CellChatDB"
"1972","Wnt8b","Fzd5","CellChatDB"
"1973","Wnt8b","Fzd6","CellChatDB"
"1974","Wnt8b","Fzd7","CellChatDB, CellTalkDB"
"1975","Wnt8b","Fzd8","CellChatDB"
"1976","Wnt8b","Fzd9","CellChatDB"
"1977","Wnt8b","Lrp5","CellChatDB"
"1978","Wnt8b","Lrp6","CellChatDB, CellTalkDB"
"1979","Wnt8b","Ptk7","CellTalkDB"
"1980","Wnt9a","Egfr","CellTalkDB"
"1981","Wnt9a","Fzd1","CellChatDB"
"1982","Wnt9a","Fzd10","CellChatDB"
"1983","Wnt9a","Fzd2","CellChatDB"
"1984","Wnt9a","Fzd3","CellChatDB"
"1985","Wnt9a","Fzd4","CellChatDB, CellTalkDB"
"1986","Wnt9a","Fzd5","CellChatDB"
"1987","Wnt9a","Fzd6","CellChatDB"
"1988","Wnt9a","Fzd7","CellChatDB, CellTalkDB"
"1989","Wnt9a","Fzd8","CellChatDB"
"1990","Wnt9a","Fzd9","CellChatDB, CellTalkDB"
"1991","Wnt9a","Lrp5","CellChatDB"
"1992","Wnt9a","Lrp6","CellChatDB"
"1993","Wnt9b","Fzd1","CellChatDB"
"1994","Wnt9b","Fzd10","CellChatDB"
"1995","Wnt9b","Fzd2","CellChatDB"
"1996","Wnt9b","Fzd3","CellChatDB"
"1997","Wnt9b","Fzd4","CellChatDB"
"1998","Wnt9b","Fzd5","CellChatDB, CellTalkDB"
"1999","Wnt9b","Fzd6","CellChatDB"
"2000","Wnt9b","Fzd7","CellChatDB"
"2001","Wnt9b","Fzd8","CellChatDB"
"2002","Wnt9b","Fzd9","CellChatDB"
"2003","Wnt9b","Lrp5","CellChatDB, CellTalkDB"
"2004","Wnt9b","Lrp6","CellChatDB, CellTalkDB"
"2005","Xcl1","Xcr1","CellChatDB, CellTalkDB, GPCRDB"
"2006","Zp3","Egfr","CellTalkDB"
"2007","Zp3","Zp3r","CellTalkDB"
"2008","a","Atrn","CellTalkDB"
"2009","a","Mc1r","CellTalkDB"
