ligand_name,receptor_name
A2M,LRP1
ADAM12,ITGA9
ADAM12,ITGB1
ADAM12,SDC4
ADAM9,ITGA3
ADAM9,ITGA6
ADAM9,ITGAV
ADAM9,ITGB1
ADAM9,ITGB5
ADM2,CALCRL
ADM2,RAMP1
ADM2,RAMP2
ADM2,RAMP3
ADM2,VIPR1
AGRN,ITGB1
AGRN,LRP1
AGRN,LRP2
ALCAM,CD6
AMH,ACVR1
AMH,BMPR1A
AMH,EGFR
ANG,EGFR
ANGPTL2,ITGA5
ANGPTL2,ITGB1
ANGPTL2,LILRB2
ANGPTL2,TIE1
ANGPTL2,TLR4
ANGPTL4,CDH11
ANGPTL4,CDH5
ANGPTL4,ITGA5
ANGPTL4,ITGAV
ANGPTL4,ITGB1
ANGPTL4,SDC1
ANGPTL4,SDC2
ANGPTL4,SDC3
ANGPTL4,SDC4
ANGPTL4,TIE1
ANOS1,FGFR1
ANOS1,SDC2
ANXA1,ADRA2A
ANXA1,DYSF
ANXA1,EGFR
ANXA1,FPR1
ANXA1,FPR3
APOC1,VLDLR
APOD,LEPR
APOE,ABCA1
APOE,LDLR
APOE,LRP1
APOE,LRP2
APOE,LRP5
APOE,LRP6
APOE,LRP8
APOE,LSR
APOE,SCARB1
APOE,SDC2
APOE,SORL1
APOE,TREM2
APOE,TYROBP
APOE,VLDLR
APP,ADRA2A
APP,AGER
APP,APLP2
APP,CAV1
APP,CD74
APP,GPC1
APP,LRP1
APP,LRP10
APP,LRP6
APP,NCSTN
APP,NGFR
APP,NOTCH2
APP,PLD1
APP,PLXNA4
APP,RPSA
APP,SORL1
APP,TNFRSF21
APP,TREM2
APP,TSPAN12
APP,TSPAN15
APP,TYROBP
APP,VLDLR
AZGP1,ITGAV
B2M,CD247
B2M,CD3D
B2M,CD3G
B2M,HFE
B2M,HLA-F
B2M,IL6ST
B2M,KLRD1
B2M,LILRB2
B2M,TFRC
BGN,LY96
BGN,TLR1
BGN,TLR2
BGN,TLR4
BMP1,BMPR1A
BMP1,BMPR2
BMP7,ACVR1
BMP7,ACVR2A
BMP7,ACVR2B
BMP7,BMPR1A
BMP7,BMPR2
BMP7,ENG
C1QA,CD93
C1QA,CSPG4
C1QB,C1QBP
C1QB,LRP1
C3,ADRA2A
C3,C3AR1
C3,CD46
C3,CD81
C3,IFITM1
C3,ITGAM
C3,ITGAX
C3,ITGB2
C3,LRP1
C5,ADRA2A
C5,C5AR1
CALR,HLA-F
CALR,ITGA3
CALR,ITGAV
CALR,LRP1
CALR,SCARF1
SCYL3,CCR1
CCL19,ADRA2A
CCL19,CCR7
CCL19,CXCR3
CCL2,ACKR1
CCL2,CCR1
CCL2,CCR2
CCL2,CCR5
CCL20,ADRA2A
CCL20,CXCR3
CCL21,ADRA2A
CCL21,CCR7
CCL21,CXCR3
CCL22,DPP4
CCL28,ADRA2A
CCL3,CCR1
CCL3,CCR5
CCL3L1,CCR1
CCL4,CCR1
CCL4,CCR5
CCL5,ACKR1
CCL5,ADRA2A
CCL5,CCR1
CCL5,CCR5
CCL5,CXCR3
CCL5,SDC1
CCL5,SDC4
CCL8,ACKR1
CCL8,CCR1
CCL8,CCR2
CCL8,CCR5
CYR61,CAV1
CYR61,ITGA5
CYR61,ITGAM
CYR61,ITGAV
CYR61,ITGB2
CYR61,ITGB5
CYR61,TLR2
CYR61,TLR4
CTGF,EGFR
CTGF,ERBB4
CTGF,ITGA5
CTGF,ITGAM
CTGF,ITGB2
CTGF,LRP1
CTGF,LRP6
NOV,NOTCH1
NOV,PLXNA1
WISP3,SORL1
CD14,ITGB1
CD14,ITGB2
CD14,RIPK1
CD14,TLR1
CD14,TLR4
CD55,ADGRE2
CD55,ADGRE5
CD59,CD2
CD6,ALCAM
CEACAM1,CD209
CEACAM1,EGFR
CFH,ITGAM
CFH,SELL
CKLF,LRP6
CLU,TREM2
CLU,TYROBP
COL10A1,ITGA1
COL10A1,ITGA10
COL10A1,ITGA11
COL10A1,ITGA2
COL10A1,ITGB1
COL11A1,DDR1
COL11A1,ITGA1
COL11A1,ITGA10
COL11A1,ITGA11
COL11A1,ITGA2
COL11A1,ITGB1
COL12A1,ITGA1
COL12A1,ITGA10
COL12A1,ITGA11
COL12A1,ITGA2
COL12A1,ITGB1
COL14A1,CD44
COL14A1,ITGA1
COL14A1,ITGA10
COL14A1,ITGA11
COL14A1,ITGA2
COL14A1,ITGB1
COL15A1,ITGA1
COL15A1,ITGA10
COL15A1,ITGA11
COL15A1,ITGA2
COL15A1,ITGB1
COL16A1,ITGA1
COL16A1,ITGA10
COL16A1,ITGA11
COL16A1,ITGA2
COL16A1,ITGB1
COL17A1,ITGA1
COL17A1,ITGA10
COL17A1,ITGA11
COL17A1,ITGA2
COL17A1,ITGB1
COL18A1,GPC1
COL18A1,GPC4
COL18A1,ITGA1
COL18A1,ITGA10
COL18A1,ITGA11
COL18A1,ITGA2
COL18A1,ITGA3
COL18A1,ITGA5
COL18A1,ITGB1
COL18A1,ITGB5
COL18A1,KDR
COL1A1,CD36
COL1A1,CD44
COL1A1,CD93
COL1A1,DDR1
COL1A1,DDR2
COL1A1,ITGA1
COL1A1,ITGA10
COL1A1,ITGA11
COL1A1,ITGA2
COL1A1,ITGA5
COL1A1,ITGAV
COL1A1,ITGB1
COL1A2,CD36
COL1A2,CD44
COL1A2,CD93
COL1A2,ITGA1
COL1A2,ITGA10
COL1A2,ITGA11
COL1A2,ITGA2
COL1A2,ITGAV
COL1A2,ITGB1
COL22A1,ITGA1
COL22A1,ITGA10
COL22A1,ITGA11
COL22A1,ITGA2
COL22A1,ITGB1
COL27A1,ITGA1
COL27A1,ITGA10
COL27A1,ITGA11
COL27A1,ITGA2
COL27A1,ITGB1
COL3A1,ADGRG1
COL3A1,DDR1
COL3A1,DDR2
COL3A1,ITGA1
COL3A1,ITGA10
COL3A1,ITGA11
COL3A1,ITGA2
COL3A1,ITGB1
COL4A1,ADGRG6
COL4A1,CD47
COL4A1,CD93
COL4A1,ITGA1
COL4A1,ITGA10
COL4A1,ITGA11
COL4A1,ITGA2
COL4A1,ITGAV
COL4A1,ITGB1
COL4A1,ITGB8
COL4A2,ADGRG6
COL4A2,CD93
COL4A2,ITGA1
COL4A2,ITGA10
COL4A2,ITGA11
COL4A2,ITGA2
COL4A2,ITGB1
COL4A2,ITGB5
COL4A5,ADGRG6
COL4A5,CD47
COL4A5,CD93
COL4A5,ITGA1
COL4A5,ITGA10
COL4A5,ITGA11
COL4A5,ITGA2
COL4A5,ITGAV
COL4A5,ITGB1
COL4A6,ADGRG6
COL4A6,CD47
COL4A6,CD93
COL4A6,ITGA1
COL4A6,ITGA10
COL4A6,ITGA11
COL4A6,ITGA2
COL4A6,ITGAV
COL4A6,ITGB1
COL5A1,ITGA1
COL5A1,ITGA10
COL5A1,ITGA11
COL5A1,ITGA2
COL5A1,ITGB1
COL5A1,SDC3
COL5A2,DDR1
COL5A2,ITGA1
COL5A2,ITGA10
COL5A2,ITGA11
COL5A2,ITGA2
COL5A2,ITGB1
COL5A3,ITGA1
COL5A3,ITGA10
COL5A3,ITGA11
COL5A3,ITGA2
COL5A3,ITGB1
COL6A1,ITGA1
COL6A1,ITGA10
COL6A1,ITGA11
COL6A1,ITGA2
COL6A1,ITGA6
COL6A1,ITGB1
COL6A2,ITGA1
COL6A2,ITGA10
COL6A2,ITGA11
COL6A2,ITGA2
COL6A2,ITGB1
COL6A3,ITGA1
COL6A3,ITGA10
COL6A3,ITGA11
COL6A3,ITGA2
COL6A3,ITGB1
COL7A1,ITGA1
COL7A1,ITGA10
COL7A1,ITGA11
COL7A1,ITGA2
COL7A1,ITGB1
COL8A1,ITGA1
COL8A1,ITGA10
COL8A1,ITGA11
COL8A1,ITGA2
COL8A1,ITGB1
COL8A2,ITGA1
COL8A2,ITGA10
COL8A2,ITGA11
COL8A2,ITGA2
COL8A2,ITGB1
COL8A2,SLC4A11
COL9A1,ITGA1
COL9A1,ITGA10
COL9A1,ITGA11
COL9A1,ITGA2
COL9A1,ITGB1
COL9A2,ITGA1
COL9A2,ITGA10
COL9A2,ITGA11
COL9A2,ITGA2
COL9A2,ITGB1
COL9A3,ITGA1
COL9A3,ITGA10
COL9A3,ITGA11
COL9A3,ITGA2
COL9A3,ITGB1
COMP,CD36
COMP,ITGB1
CP,SLC40A1
CSF1,CSF1R
CSF1,SIRPA
CTHRC1,FZD3
CTHRC1,FZD5
CTHRC1,FZD6
CX3CL1,CX3CR1
CXCL1,ACKR1
CXCL1,ADRA2A
CXCL10,ACKR1
CXCL10,ADRA2A
CXCL10,CXCR3
CXCL10,DPP4
CXCL10,SDC4
CXCL11,ACKR1
CXCL11,ACKR3
CXCL11,ADRA2A
CXCL11,CXCR3
CXCL11,DPP4
CXCL12,ACKR3
CXCL12,ADRA2A
CXCL12,CD4
CXCL12,CXCR3
CXCL12,CXCR4
CXCL12,DPP4
CXCL12,ITGB1
CXCL12,SDC4
CXCL13,ACKR1
CXCL13,ADRA2A
CXCL13,CXCR3
CXCL14,CXCR4
CXCL16,ADRA2A
CXCL16,CXCR6
CXCL17,GPR35
CXCL2,ACKR1
CXCL2,ADRA2A
CXCL2,DPP4
CXCL9,ACKR1
CXCL9,ADRA2A
CXCL9,CXCR3
CXCL9,DPP4
CXCL9,FCGR2A
DAG1,CELSR3
DCN,EGFR
DCN,ERBB4
DCN,MET
DKK1,KREMEN1
DKK1,KREMEN2
DKK1,LRP5
DKK1,LRP6
DKK3,KREMEN1
EDIL3,ITGAV
EDIL3,ITGB5
EDN1,ADGRL4
EDN1,EDNRA
EDN1,EDNRB
EDN3,EDNRA
EDN3,EDNRB
EFEMP1,EGFR
EFEMP2,AQP1
EFEMP2,PLSCR4
EFNA1,EPHA1
EFNA1,EPHA2
EFNA1,EPHA4
EFNA1,EPHA7
EFNA1,EPHB1
EFNA1,EPHB6
EFNA4,EPHA1
EFNA4,EPHA2
EFNA4,EPHA4
EFNA4,EPHA7
F13A1,ITGA9
F13A1,ITGB1
F8,LDLR
F8,LRP1
FABP5,RXRA
FAM3C,LAMP1
FBLN1,ITGB1
FBN1,ITGA5
FBN1,ITGAV
FBN1,ITGB1
FBN1,ITGB6
FGF1,CD44
FGF1,EGFR
FGF1,FGFR1
FGF1,FGFR2
FGF1,FGFRL1
FGF1,ITGAV
FGF1,NRP1
FGF1,TGFBR3
FGF2,CD44
FGF2,FGFR1
FGF2,FGFR2
FGF2,FGFRL1
FGF2,GPC4
FGF2,ITGAV
FGF2,NRP1
FGF2,SDC1
FGF2,SDC2
FGF2,SDC3
FGF2,SDC4
FGF7,FGFR1
FGF7,FGFR2
FGF7,NRP1
FLRT2,ADGRL1
FN1,C5AR1
FN1,CD44
FN1,CD79A
FN1,DPP4
FN1,IL17RC
FN1,ITGA10
FN1,ITGA11
FN1,ITGA2
FN1,ITGA3
FN1,ITGA5
FN1,ITGA6
FN1,ITGA9
FN1,ITGAV
FN1,ITGB1
FN1,ITGB5
FN1,ITGB6
FN1,ITGB7
FN1,ITGB8
FN1,PLAUR
FN1,ROBO4
FN1,SDC2
FN1,TNFRSF11B
FST,BMPR2
GAL,ADRA2A
GAS6,AXL
GAS6,MERTK
DBP,LRP2
GDF11,ACVR1B
GDF11,ACVR2A
GDF11,ACVR2B
GDF11,BMPR1A
GDF11,BMPR2
GDF11,TGFBR1
GDF15,TGFBR2
GNAS,ADCY1
GNAS,ADCY7
GNAS,ADCY3
GNAS,ADCY9
GNAS,ADORA1
GNAS,VIPR1
GPI,AMFR
GREM1,KDR
GRN,EGFR
GRN,SORT1
GRN,TNFRSF1A
GRN,TNFRSF1B
GZMA,F2R
GZMA,F2RL2
GZMA,PARD3
GZMB,CHRM3
GZMB,IGF2R
HBEGF,CD44
HBEGF,CD82
HBEGF,CD9
HBEGF,EGFR
HBEGF,ERBB2
HBEGF,ERBB4
HBEGF,PRLR
HEBP1,FPR3
HLA-E,KLRD1
HMGB1,AGER
HMGB1,CD163
HMGB1,CXCR4
HMGB1,SDC1
HMGB1,THBD
HMGB1,TLR2
HMGB1,TLR4
HSPA1A,TLR4
HSPG2,FGFR1
HSPG2,ITGA2
HSPG2,ITGB1
HSPG2,LRP1
HSPG2,LRP2
HSPG2,SDC1
DAP,CALCRL
DAP,RAMP1
DAP,RAMP2
DAP,RAMP3
DAP,VIPR1
IGF1,GPC3
IGF1,IGF1R
IGF1,IGF2R
IGF1,INSR
IGF1,ITGA6
IGF1,ITGAV
IGF1,ITGB4
IGFBP3,TMEM219
IGFBP4,FZD8
IGFBP4,LRP6
IL15,IL15RA
IL15,IL2RB
IL15,IL2RG
IL16,CCR5
IL16,CD4
IL17B,IL17RB
IL18,CD48
IL18,IL18BP
IL1B,IL1R1
IL1B,IL1R2
IL1B,IL1RAP
IL1B,SIGIRR
IL1RAP,PTPRF
IL1RN,IL1R1
IL1RN,IL1R2
IL1RN,IL1RAP
TIFA,IL10RA
TIFA,IL10RB
TIFA,IL21R
IL33,IL1RAP
IL34,CSF1R
INHBA,ACVR1
INHBA,ACVR1B
INHBA,ACVR2A
INHBA,ACVR2B
INHBA,BAMBI
INHBA,ENG
INHBA,SMAD3
INHBA,TGFBR3
INHBB,ACVR1
INHBB,ACVR1B
INHBB,ACVR2A
INHBB,ACVR2B
INHBB,SMAD3
JAM3,ITGAM
JAM3,ITGB1
JAM3,ITGB2
JAM3,JAM3
KITLG,EPOR
KITLG,KIT
LAMA1,GPC1
LAMA1,ITGA1
LAMA1,ITGA2
LAMA1,ITGA3
LAMA1,ITGA6
LAMA1,ITGA7
LAMA1,ITGB1
LAMA1,ITGB4
LAMA1,ITGB8
LAMA1,RPSA
LAMA1,SDC2
LAMA1,SDC4
LAMA2,ADGRG6
LAMA2,ITGA1
LAMA2,ITGA2
LAMA2,ITGA3
LAMA2,ITGA6
LAMA2,ITGA7
LAMA2,ITGB1
LAMA2,ITGB4
LAMA2,RPSA
LAMA3,ITGA3
LAMA3,ITGB1
LAMA3,ITGB4
LAMA3,SDC2
LAMA4,ITGA3
LAMA4,ITGA6
LAMA4,ITGAV
LAMA4,ITGB1
LAMA5,BCAM
LAMA5,ITGA2
LAMA5,ITGA3
LAMA5,ITGA6
LAMA5,ITGB1
LAMA5,ITGB4
LAMA5,SDC1
LAMB1,ITGA1
LAMB1,ITGA2
LAMB1,ITGA3
LAMB1,ITGA6
LAMB1,ITGA7
LAMB1,ITGAV
LAMB1,ITGB1
LAMB1,ITGB4
LAMB2,ITGA3
LAMB2,ITGB1
LAMB2,ITGB4
LAMB2,RPSA
LAMB3,CD151
LAMB3,COL17A1
LAMB3,ITGA2
LAMB3,ITGA3
LAMB3,ITGA6
LAMB3,ITGB1
LAMB3,ITGB4
LAMC1,ITGA1
LAMC1,ITGA2
LAMC1,ITGA3
LAMC1,ITGA6
LAMC1,ITGA7
LAMC1,ITGAV
LAMC1,ITGB1
LAMC1,ITGB4
LAMC2,CD151
LAMC2,COL17A1
LAMC2,ITGA2
LAMC2,ITGA3
LAMC2,ITGA6
LAMC2,ITGB1
LAMC2,ITGB4
LAMC3,ITGA2
LAMC3,ITGA3
LAMC3,ITGA6
LAMC3,ITGB1
LAMC3,ITGB4
LCN2,LRP2
LCN2,SLC22A17
LGALS1,ITGB1
LGALS1,PTPRC
LGALS3,MERTK
LGALS3BP,ITGB1
LGALS9,BCR
LGALS9,CD44
LGALS9,CD47
LGALS9,HAVCR2
LGALS9,MRC2
LGALS9,P4HB
LGALS9,PTPRC
LGALS9,SLC1A5
LIF,IL6ST
LIF,LIFR
LTBP1,ITGB5
LTBP3,ITGB5
LTF,LRP1
LTF,TFRC
LUM,ITGB1
LYZ,ITGAL
MBP,CD93
MDK,GPC2
MDK,ITGA6
MDK,ITGB1
MDK,LRP1
MDK,LRP2
MDK,NCL
MDK,SDC1
MDK,SDC2
MDK,SDC3
MDK,SDC4
MDK,SORL1
MDK,TSPAN1
MFAP2,NOTCH1
MFAP5,NOTCH1
MFGE8,ITGAV
MFGE8,PDGFRB
MIF,ACKR3
MIF,CD44
MIF,CD74
MIF,CXCR4
MIF,EGFR
MMP1,CD44
MMP1,ITGA2
MMP13,LRP1
MMP2,CCR2
MMP2,FGFR1
MMP2,ITGAV
MMP2,PECAM1
MMP2,SDC2
MMP7,CD151
MMP7,CD44
MMP7,ERBB4
MMP7,SDC1
MMP9,CD44
MMP9,EPHB2
MMP9,IFNAR1
MMP9,ITGAM
MMP9,ITGB2
MMP9,LRP1
MMP9,RECK
MST1,MST1R
NAMPT,INSR
NAMPT,ITGA5
NAMPT,ITGB1
NECTIN1,NECTIN4
NELL2,ROBO3
NID1,ITGA3
NID1,ITGAV
NID1,ITGB1
NID1,PTPRF
NPB,ADRA2A
NPNT,ITGB1
NPPC,NPR1
NPPC,NPR2
NPPC,NPR3
NRG1,ADGRL1
NRG1,EGFR
NRG1,ERBB2
NRG1,ERBB3
NRG1,ERBB4
NRG1,GPC1
NRG1,ITGA6
NRG1,ITGAV
NRG1,ITGB4
NRG1,LGR4
NRG1,MS4A4A
NRG2,ERBB2
NRG2,ERBB3
NRG2,ERBB4
NRTN,GFRA1
NRTN,GFRA3
NTF4,BEX3
NTF4,NGFR
NTF4,NTRK2
NTN1,ADORA2B
NTN1,NEO1
NTN1,UNC5B
NTN4,NTRK2
NTN4,UNC5B
NUCB2,ERAP1
OLR1,SLITRK4
OXT,OXTR
PDGFA,PDGFRA
PDGFA,PDGFRB
PDGFB,ITGAV
PDGFB,LRP1
PDGFB,PDGFRA
PDGFB,PDGFRB
PDGFB,S1PR1
PDGFC,FLT1
PDGFC,KDR
PDGFC,PDGFRA
PDGFC,PDGFRB
PDGFD,PDGFRA
PDGFD,PDGFRB
PGF,FLT1
PGF,KDR
PGF,NRP1
PGF,NRP2
PI3,PLD2
PIP,AQP5
PIP,CD4
PIP,NPTN
PLAT,ITGAM
PLAT,ITGB2
PLAT,LRP1
PLAU,IGF2R
PLAU,ITGA3
PLAU,ITGA5
PLAU,ITGAM
PLAU,ITGAV
PLAU,ITGB1
PLAU,ITGB2
PLAU,ITGB5
PLAU,LRP1
PLAU,LRP2
PLAU,MRC2
PLAU,PLAUR
PLAU,ST14
PLAU,VLDLR
PLAUR,ITGAV
PLAUR,ITGB1
PLTP,ABCA1
POMC,ADRA2A
POMC,MC1R
POMC,RAMP2
POMC,RAMP3
POMC,VIPR1
POSTN,ITGAV
POSTN,ITGB5
PPIA,BSG
PNP,ADRA2A
PNP,NPY1R
PROS1,AXL
PROS1,MERTK
PRSS2,F2R
PRSS2,F2RL2
PRSS2,PARD3
PSAP,AR
PSAP,GPR37
PSAP,LRP1
PSAP,SORT1
PTHLH,RAMP2
PTHLH,RAMP3
PTHLH,VIPR1
PTN,ITGAV
PTN,NCL
PTN,PTPRB
PTN,SDC1
PTN,SDC2
PTN,SDC3
PTN,SDC4
RARRES2,CMKLR1
RBP4,STRA6
RPS19,C5AR1
RSPO3,FZD8
RSPO3,LGR4
RSPO3,LGR6
RSPO3,LRP6
RSPO3,SDC4
S100A4,CCR5
S100A4,EGFR
S100A4,ERBB2
S100A8,AGER
S100A8,CD36
S100A8,CD68
S100A8,CD69
S100A8,ITGB2
S100A8,TLR4
S100A9,AGER
S100A9,ALCAM
S100A9,CD36
S100A9,CD68
S100A9,ITGB2
S100A9,TLR4
S100B,AGER
S100B,ALCAM
SAA1,ADRA2A
SAA1,FPR1
SAA1,SCARB1
SAA1,TLR2
SCGB3A1,MARCO
SCGB3A1,NOTCH3
SDC1,ADGRA2
SEMA3B,NRP1
SEMA3B,NRP2
SEMA3B,PLXNA1
SEMA3B,PLXNA3
SEMA3B,PLXNA4
SEMA3C,NRP1
SEMA3C,NRP2
SEMA3C,PLXNA1
SEMA3C,PLXNA3
SEMA3C,PLXNA4
SEMA3C,PLXND1
SEMA3E,NRP1
SEMA3E,PLXND1
SEMA3F,NRP1
SEMA3F,NRP2
SEMA3F,PLXNA1
SEMA3F,PLXNA3
SEMA3F,PLXNA4
SEMA3G,NRP2
SEMA3G,PLXNA1
SEMA3G,PLXNA3
SEMA3G,PLXNA4
SERPINA1,LRP1
SERPINE1,ITGAV
SERPINE1,ITGB5
SERPINE1,LRP1
SERPINE1,LRP2
SERPINE1,PLAUR
SERPINE2,LRP1
SERPING1,SELP
SFRP1,FZD2
SFRP1,FZD6
SFRP2,FZD5
SLIT2,GPC1
SLIT2,ROBO1
SLIT2,ROBO4
SLIT2,SDC1
SLIT3,ROBO1
SLPI,CD4
SLPI,PLSCR4
SOSTDC1,LRP5
SOSTDC1,LRP6
SPINT1,ST14
SPN,SIGLEC1
SPON2,ITGAM
SPON2,ITGB2
SPP1,CD44
SPP1,ITGA5
SPP1,ITGA9
SPP1,ITGAV
SPP1,ITGB1
SPP1,ITGB5
SPP1,ITGB6
SPP1,PTGER4
ST6GAL1,EGFR
TCN2,LRP2
TCTN1,TMEM67
TF,HFE
TF,LDLR
TF,LRP2
TF,TFRC
TFPI,F3
TFPI,LRP1
TFPI,SDC4
TFPI,VLDLR
TGFA,EGFR
TGFA,ERBB2
TGFA,ERBB3
TGFA,ERBB4
TGFB1,ACVR1
TGFB1,ACVR1B
TGFB1,ACVRL1
TGFB1,CAV1
TGFB1,CXCR4
TGFB1,EGFR
TGFB1,ENG
TGFB1,ITGAV
TGFB1,ITGB1
TGFB1,ITGB5
TGFB1,ITGB6
TGFB1,ITGB8
TGFB1,SDC2
TGFB1,SMAD3
TGFB1,TGFBR1
TGFB1,TGFBR2
TGFB1,TGFBR3
TGFB2,ACVR1
TGFB2,ACVR1B
TGFB2,ENG
TGFB2,TGFBR1
TGFB2,TGFBR2
TGFB2,TGFBR3
TGFB3,ACVR1
TGFB3,ACVR1B
TGFB3,ACVRL1
TGFB3,ENG
TGFB3,ITGAV
TGFB3,ITGB1
TGFB3,ITGB5
TGFB3,ITGB6
TGFB3,ITGB8
TGFB3,TGFBR1
TGFB3,TGFBR2
TGFB3,TGFBR3
TGM2,ADGRG1
TGM2,ITGA9
TGM2,ITGB1
TGM2,SDC4
THBS1,CD36
THBS1,CD47
THBS1,ITGA3
THBS1,ITGA6
THBS1,ITGAV
THBS1,ITGB1
THBS1,LRP1
THBS1,LRP5
THBS1,SCARB1
THBS1,SDC1
THBS1,SDC4
THBS1,TNFRSF11B
TIMP1,CD63
TIMP1,FGFR2
TIMP2,CD44
TIMP2,ITGA3
TIMP2,ITGB1
TIMP3,CD44
TIMP3,KDR
TIMP3,MET
TNC,CNTN1
TNC,EGFR
TNC,ITGA2
TNC,ITGA5
TNC,ITGA7
TNC,ITGA9
TNC,ITGAV
TNC,ITGB1
TNC,ITGB6
TNC,PTPRB
TNC,SDC1
TNC,SDC4
TNFSF10,RIPK1
TNFSF10,TNFRSF10B
TNFSF10,TNFRSF11B
TNFSF11,LGR4
TNFSF11,TNFRSF11A
TNFSF11,TNFRSF11B
TNFSF12,TNFRSF12A
TNFSF12,TNFRSF25
TNFSF13B,CD40
TNFSF13B,TFRC
TNFSF13B,TNFRSF13C
TNFSF15,TNFRSF25
VCAM1,EZR
VCAM1,ITGA9
VCAM1,ITGB1
VCAM1,ITGB2
VCAM1,ITGB7
VCAM1,MSN
VCAN,CD44
VCAN,EGFR
VCAN,ITGB1
VCAN,SELL
VCAN,SELP
VCAN,TLR1
VCAN,TLR2
VEGFA,EGFR
VEGFA,EPHB2
VEGFA,FLT1
VEGFA,GPC1
VEGFA,ITGA9
VEGFA,ITGAV
VEGFA,ITGB1
VEGFA,KDR
VEGFA,NRP1
VEGFA,NRP2
VEGFA,SIRPA
VEGFB,FLT1
VEGFB,KDR
VEGFB,NRP1
VEGFC,FLT1
VEGFC,ITGA9
VEGFC,ITGB1
VEGFC,KDR
VEGFC,NRP2
VEGFD,FLT1
VEGFD,ITGA1
VEGFD,ITGA2
VEGFD,ITGA5
VEGFD,ITGA9
VEGFD,ITGB1
VEGFD,KDR
VEGFD,NRP2
VWF,ITGAV
VWF,LRP1
VWF,SCARA5
VWF,SELP
VWF,SIRPA
VWF,TNFRSF11B
WIF1,RYK
WNT10A,FRZB
WNT10A,FZD1
WNT10A,FZD2
WNT10A,FZD3
WNT10A,FZD4
WNT10A,FZD5
WNT10A,FZD6
WNT10A,FZD7
WNT10A,FZD8
WNT10A,LRP5
WNT10A,LRP6
WNT2,FRZB
WNT2,FZD1
WNT2,FZD2
WNT2,FZD3
WNT2,FZD4
WNT2,FZD5
WNT2,FZD6
WNT2,FZD7
WNT2,FZD8
WNT2,LRP5
WNT2,LRP6
WNT2,SFRP1
WNT2,SFRP2
WNT2,SFRP4
WNT2,WIF1
WNT4,FRZB
WNT4,FZD1
WNT4,FZD2
WNT4,FZD3
WNT4,FZD4
WNT4,FZD5
WNT4,FZD6
WNT4,FZD7
WNT4,FZD8
WNT4,LRP5
WNT4,LRP6
WNT4,NOTCH1
WNT4,SFRP1
WNT4,SFRP2
WNT4,SFRP4
WNT4,SMO
WNT4,WIF1
WNT5A,ANTXR1
WNT5A,EPHA7
WNT5A,FRZB
WNT5A,FZD1
WNT5A,FZD2
WNT5A,FZD3
WNT5A,FZD4
WNT5A,FZD5
WNT5A,FZD6
WNT5A,FZD7
WNT5A,FZD8
WNT5A,LDLR
WNT5A,LRP2
WNT5A,LRP5
WNT5A,LRP6
WNT5A,MCAM
WNT5A,PTK7
WNT5A,PTPRK
WNT5A,ROR1
WNT5A,ROR2
WNT5A,RYK
WNT5A,SFRP1
WNT5A,SFRP2
WNT5A,SFRP4
WNT5A,VANGL2
WNT5A,WIF1
WNT5B,FRZB
WNT5B,FZD1
WNT5B,FZD2
WNT5B,FZD3
WNT5B,FZD4
WNT5B,FZD5
WNT5B,FZD6
WNT5B,FZD7
WNT5B,FZD8
WNT5B,LRP5
WNT5B,LRP6
WNT5B,SFRP1
WNT5B,SFRP2
WNT5B,SFRP4
WNT5B,WIF1
WNT6,FRZB
WNT6,FZD1
WNT6,FZD2
WNT6,FZD3
WNT6,FZD4
WNT6,FZD5
WNT6,FZD6
WNT6,FZD7
WNT6,FZD8
WNT6,LRP5
WNT6,LRP6
WNT6,SFRP1
WNT6,SFRP2
WNT6,SFRP4
WNT6,WIF1
ZG16B,CXCR4
ZG16B,TLR2
ZG16B,TLR4
ZG16B,TLR5
ZP3,EGFR
